id,hast_family_id,ptype,family,family_zh,family_apgiv,family_apgiv_zh
1,101,1,Psilotaceae,松葉蕨科,,
2,102,1,Lycopodiaceae,石松科,,
3,103,1,Selaginellaceae,卷柏科,,
4,104,1,Isoetaceae,水韭科,,
5,105,1,Equisetaceae,木賊科,,
6,106,1,Ophioglossaceae,瓶爾小草科,,
7,107,1,Marattiaceae,觀音座蓮科,,
8,108,1,Osmundaceae,紫萁科,,
9,109,1,Schizaeaceae,海金沙科,,
10,110,1,Gleicheniaceae,裏白科,,
11,111,1,Hymenophyllaceae,膜蕨科,,
12,112,1,Plagiogyriaceae,瘤足蕨科,,
13,113,1,Dicksoniaceae,蚌殼蕨科,,
14,114,1,Cyatheaceae,桫欏科,,
15,115,1,Dennstaedtiaceae,碗蕨科,,
16,116,1,Lindsaeaceae,陵齒蕨科,,
17,117,1,Davalliaceae,骨碎補科,,
18,118,1,Oleandraceae,蓧蕨科,,
19,119,1,Pteridaceae,鳳尾蕨科,,
20,120,1,Adiantaceae,鐵線蕨科,,
21,121,1,Vittariaceae,書帶蕨科,,
22,122,1,Onocleaceae,球子蕨科,,
23,123,1,Blechnaceae,烏毛蕨科,,
24,124,1,Aspidiaceae,三叉蕨科,,
25,125,1,Dryopteridaceae,鱗毛蕨科,,
26,126,1,Lomariopsidaceae,羅蔓藤蕨科,,
27,127,1,Thelypteridaceae,金星蕨科,,
28,128,1,Athyriaceae,蹄蓋蕨科,,
29,129,1,Aspleniaceae,鐵角蕨科,,
30,130,1,Dipteridaceae,雙扇蕨科,,
31,131,1,Cheiropleuriaceae,燕尾蕨科,,
32,132,1,Polypodiaceae,水龍骨科,,
33,133,1,Grammitidaceae,禾葉蕨科,,
34,134,1,Parkeriaceae,水蕨科,,
35,135,1,Marsileaceae,蘋科,,
36,136,1,Salviniaceae,槐葉蘋科,,
37,137,1,Azollaceae,滿江紅科,,
38,201,2,Cycadaceae,蘇鐵科,,
39,202,2,Ginkgoaceae,銀杏科,,
40,203,2,Taxaceae,紅豆杉科,,
41,204,2,Amentotaxaceae,穗花杉科,,
42,205,2,Cephalotaxaceae,粗榧科,,
43,206,2,Podocarpaceae,羅漢松科,,
44,207,2,Pinaceae,松科,,
45,208,2,Taxodiaceae,杉科,,
46,209,2,Araucariaceae,南洋杉科,,
47,210,2,Cupressaceae,柏科,,
48,301,3,Casuarinaceae,木麻黃科,Casuarinaceae,木麻黃科
49,302,3,Myricaceae,楊梅科,Myricaceae,楊梅科
50,303,3,Juglandaceae,胡桃科,Juglandaceae,胡桃科
51,304,3,Salicaceae,楊柳科,Salicaceae,楊柳科
52,305,3,Betulaceae,樺木科,Betulaceae,樺木科
53,306,3,Fagaceae,殼斗科,Fagaceae,殼斗科
54,307,3,Ulmaceae,榆科,Ulmaceae,榆科
55,308,3,Moraceae,桑科,Moraceae,桑科
56,309,3,Cecropiaceae,錐頭麻科,,
57,310,3,Urticaceae,蕁麻科,Urticaceae,蕁麻科
58,311,3,Proteaceae,山龍眼科,Proteaceae,山龍眼科
59,312,3,Olacaceae,鐵青樹科,Olacaceae,鐵青樹科
60,313,3,Santalaceae,檀香科,Santalaceae,檀香科
61,314,3,Opiliaceae,山柚科,Opiliaceae,山柚科
62,315,3,Loranthaceae,桑寄生科,Loranthaceae,桑寄生科
63,316,3,Balanophoraceae,蛇菰科,Balanophoraceae,蛇菰科
64,317,3,Polygonaceae,蓼科,Polygonaceae,蓼科
65,318,3,Phytolaccaceae,商陸科,Phytolaccaceae,商陸科
66,319,3,Nyctaginaceae,紫茉莉科,Nyctaginaceae,紫茉莉科
67,320,3,Molluginaceae,粟米草科,Molluginaceae,粟米草科
68,321,3,Aizoaceae,番杏科,Aizoaceae,番杏科
69,322,3,Portulacaceae,馬齒莧科,Portulacaceae,馬齒莧科
70,323,3,Basellaceae,落葵科,Basellaceae,落葵科
71,324,3,Caryophyllaceae,石竹科,Caryophyllaceae,石竹科
72,325,3,Chenopodiaceae,藜科,,
73,326,3,Amaranthaceae,莧科,Amaranthaceae,莧科
74,327,3,Cactaceae,仙人掌科,Cactaceae,仙人掌科
75,328,3,Magnoliaceae,木蘭科,Magnoliaceae,木蘭科
76,329,3,Annonaceae,番荔枝科,Annonaceae,番荔枝科
77,330,3,Myristicaceae,肉豆蔻科,Myristicaceae,肉荳蔻科
78,331,3,Schisandraceae,五味子科,Schisandraceae,五味子科
79,332,3,Illiciaceae,八角科,,
80,333,3,Lauraceae,樟科,Lauraceae,樟科
81,334,3,Hernandiaceae,蓮葉桐科,Hernandiaceae,蓮葉桐科
82,335,3,Trochodendraceae,昆欄樹科,Trochodendraceae,昆欄樹科
83,336,3,Ranunculaceae,毛茛科,Ranunculaceae,毛茛科
84,337,3,Berberidaceae,小檗科,Berberidaceae,小檗科
85,338,3,Lardizabalaceae,木通科,Lardizabalaceae,木通科
86,339,3,Menispermaceae,防己科,Menispermaceae,防己科
87,340,3,Nelumbonaceae,蓮科,Nelumbonaceae,蓮科
88,341,3,Nymphaeaceae,睡蓮科,Nymphaeaceae,睡蓮科
89,342,3,Cabombaceae,蓴科,Cabombaceae,蓴科
90,343,3,Ceratophyllaceae,金魚藻科,Ceratophyllaceae,金魚藻科
91,344,3,Saururaceae,三白草科,Saururaceae,三白草科
92,345,3,Piperaceae,胡椒科,Piperaceae,胡椒科
93,346,3,Chloranthaceae,金粟蘭科,Chloranthaceae,金粟蘭科
94,347,3,Aristolochiaceae,馬兜鈴科,Aristolochiaceae,馬兜鈴科
95,348,3,Rafflesiaceae,大花草科,Rafflesiaceae,大花草科
96,349,3,Dilleniaceae,第倫桃科,Dilleniaceae,第倫桃科
97,350,3,Actinidiaceae,獼猴桃科,Actinidiaceae,獼猴桃科
98,351,3,Theaceae,茶科,Theaceae,茶科
99,352,3,Clusiaceae,金絲桃科,Clusiaceae,藤黃科
100,353,3,Droseraceae,茅膏菜科,Droseraceae,茅膏菜科
101,354,3,Papaveraceae,罌粟科,Papaveraceae,罌粟科
102,355,3,Fumariaceae,紫堇科,,
103,356,3,Capparaceae,山柑科(白花菜科),Capparaceae,山柑科
104,357,3,Brassicaceae,十字花科,Brassicaceae,十字花科
105,401,3,Resedaceae,木犀草科,Resedaceae,木樨草科
106,402,3,Platanaceae,洋桐木科,Platanaceae,懸鈴木科
107,403,3,Hamamelidaceae,金縷梅科,Hamamelidaceae,金縷梅科
108,404,3,Crassulaceae,景天科,Crassulaceae,景天科
109,405,3,Saxifragaceae,虎耳草科,Saxifragaceae,虎耳草科
110,406,3,Pittosporaceae,海桐科,Pittosporaceae,海桐科
111,407,3,Rosaceae,薔薇科,Rosaceae,薔薇科
112,408,3,Connaraceae,牛栓藤科,Connaraceae,牛栓藤科
113,409,3,Fabaceae,豆科,Fabaceae,豆科
114,410,3,Oxalidaceae,酢漿草科,Oxalidaceae,酢醬草科
115,411,3,Geraniaceae,牻牛兒苗科,Geraniaceae,牻牛兒苗科
116,412,3,Tropaeolaceae,金蓮花科,Tropaeolaceae,金蓮花科
117,413,3,Zygophyllaceae,疾藜科,Zygophyllaceae,蒺藜科
118,414,3,Erythroxylaceae,高卡科,Erythroxylaceae,古柯科
119,415,3,Euphorbiaceae,大戟科,Euphorbiaceae,大戟科
120,416,3,Daphniphyllaceae,虎皮楠科,Daphniphyllaceae,虎皮楠科
121,417,3,Rutaceae,芸香科,Rutaceae,芸香科
122,418,3,Simaroubaceae,苦木科,Simaroubaceae,苦木科
123,419,3,Burseraceae,橄欖科,Burseraceae,橄欖科
124,420,3,Meliaceae,楝科,Meliaceae,楝科
125,421,3,Malpighiaceae,黃褥花科,Malpighiaceae,黃褥花科
126,422,3,Polygalaceae,遠志科,Polygalaceae,遠志科
127,423,3,Coriariaceae,馬桑科,Coriariaceae,馬桑科
128,424,3,Anacardiaceae,漆樹科,Anacardiaceae,漆樹科
129,425,3,Aceraceae,槭樹科,,
130,426,3,Sapindaceae,無患子科,Sapindaceae,無患子科
131,427,3,Bretschneideraceae,鐘萼木科,,
132,428,3,Sabiaceae,清風藤科,Sabiaceae,清風藤科
133,429,3,Balsaminaceae,鳳仙花科,Balsaminaceae,鳳仙花科
134,430,3,Aquifoliaceae,冬青科,Aquifoliaceae,冬青科
135,431,3,Celastraceae,衛矛科,Celastraceae,衛矛科
136,432,3,Staphyleaceae,省沽油科,Staphyleaceae,省沽油科
137,433,3,Buxaceae,黃楊科,Buxaceae,黃楊科
138,434,3,Icacinaceae,茶茱萸科,Icacinaceae,茶茱萸科
139,435,3,Rhamnaceae,鼠李科,Rhamnaceae,鼠李科
140,436,3,Vitaceae,葡萄科,Vitaceae,葡萄科
141,437,3,Leeaceae,火筒樹科,,
142,438,3,Elaeocarpaceae,杜英科,Elaeocarpaceae,杜英科
143,439,3,Tiliaceae,田麻科,,
144,440,3,Malvaceae,錦葵科,Malvaceae,錦葵科
145,441,3,Bombacaceae,木棉科,,
146,442,3,Sterculiaceae,梧桐科,,
147,443,3,Thymelaeaceae,瑞香科,Thymelaeaceae,瑞香科
148,444,3,Elaeagnaceae,胡頹子科,Elaeagnaceae,胡頹子科
149,445,3,Flacourtiaceae,大風子科,,
150,446,3,Violaceae,堇菜科,Violaceae,堇菜科
151,447,3,Stachyuraceae,旌節花科,Stachyuraceae,旌節花科
152,448,3,Passifloraceae,西番蓮科,Passifloraceae,西番蓮科
153,449,3,Bixaceae,臙脂樹科,Bixaceae,臙脂樹科
154,450,3,Tamaricaceae,檉柳科,Tamaricaceae,檉柳科
155,451,3,Elatinaceae,溝繁縷科,Elatinaceae,溝繁縷科
156,452,3,Caricaceae,番木瓜科,Caricaceae,番木瓜科
157,453,3,Begoniaceae,秋海棠科,Begoniaceae,秋海棠科
158,454,3,Cucurbitaceae,葫蘆科,Cucurbitaceae,瓜科
159,455,3,Lythraceae,千屈菜科,Lythraceae,千屈菜科
160,456,3,Myrtaceae,桃金孃科,Myrtaceae,桃金孃科
161,457,3,Punicaceae,安石榴科,,
162,458,3,Lecythidaceae,玉蕊科,Lecythidaceae,玉蕊科
163,459,3,Melastomataceae,野牡丹科,Melastomataceae,野牡丹科
164,460,3,Rhizophoraceae,紅樹科,Rhizophoraceae,紅樹科
165,461,3,Combretaceae,使君子科,Combretaceae,使君子科
166,462,3,Onagraceae,柳葉菜科,Onagraceae,柳葉菜科
167,463,3,Trapaceae,菱科,,
168,464,3,Haloragaceae,小二仙草科,Haloragaceae,小二仙草科
169,465,3,Theligonaceae,纖花草科,,
170,466,3,Alangiaceae,八角楓科,,
171,467,3,Nyssaceae,珙桐科,Nyssaceae,藍果樹科
172,468,3,Cornaceae,山茱萸科(四照花科),Cornaceae,山茱萸科
173,469,3,Araliaceae,五加科,Araliaceae,五加科
174,470,3,Apiaceae,繖形科,Apiaceae,繖形科
175,501,3,Diapensiaceae,岩梅科,Diapensiaceae,岩梅科
176,502,3,Pyrolaceae,鹿蹄草科,,
177,503,3,Ericaceae,杜鵑花科,Ericaceae,歐石楠科
178,504,3,Myrsinaceae,紫金牛科,,
179,505,3,Primulaceae,報春花科,Primulaceae,櫻草科
180,506,3,Plumbaginaceae,藍雪科,Plumbaginaceae,藍雪科
181,507,3,Sapotaceae,山欖科,Sapotaceae,山欖科
182,508,3,Ebenaceae,柿樹科,Ebenaceae,柿樹科
183,509,3,Styracaceae,安息香科,Styracaceae,安息香科
184,510,3,Symplocaceae,灰木科,Symplocaceae,灰木科
185,511,3,Oleaceae,木犀科,Oleaceae,木犀科
186,512,3,Loganiaceae,馬錢科,Loganiaceae,馬錢科
187,513,3,Gentianaceae,龍膽科,Gentianaceae,龍膽科
188,514,3,Apocynaceae,夾竹桃科,Apocynaceae,夾竹桃科
189,515,3,Asclepiadaceae,蘿藦科,,
190,516,3,Rubiaceae,茜草科,Rubiaceae,茜草科
191,517,3,Polemoniaceae,花蔥科,Polemoniaceae,花蔥科
192,518,3,Convolvulaceae,旋花科,Convolvulaceae,旋花科
193,519,3,Hydrophyllaceae,田亞麻科,Hydrophyllaceae,水葉草科
194,520,3,Boraginaceae,紫草科,Boraginaceae,紫草科
195,521,3,Verbenaceae,馬鞭草科,Verbenaceae,馬鞭草科
196,522,3,Callitrichaceae,水馬齒科,,
197,523,3,Lamiaceae,唇形科,Lamiaceae,唇形科
198,524,3,Solanaceae,茄科,Solanaceae,茄科
199,525,3,Scrophulariaceae,玄參科,Scrophulariaceae,玄參科
200,526,3,Bignoniaceae,紫葳科,Bignoniaceae,紫葳科
201,527,3,Acanthaceae,爵床科,Acanthaceae,爵床科
202,528,3,Pedaliaceae,胡麻科,Pedaliaceae,胡麻科
203,529,3,Gesneriaceae,苦苣苔科,Gesneriaceae,苦苣苔科
204,530,3,Orobanchaceae,列當科,Orobanchaceae,列當科
205,531,3,Lentibulariaceae,狸藻科,Lentibulariaceae,狸藻科
206,532,3,Myoporaceae,苦藍盤科,,
207,533,3,Plantaginaceae,車前科,Plantaginaceae,車前科
208,534,3,Caprifoliaceae,忍冬科,Caprifoliaceae,忍冬科
209,535,3,Valerianaceae,敗醬科,,
210,536,3,Dipsacaceae,續斷科,,
211,537,3,Campanulaceae,桔梗科,Campanulaceae,桔梗科
212,538,3,Goodeniaceae,草海桐科,Goodeniaceae,草海桐科
213,539,3,Asteraceae,菊科,Asteraceae,菊科
214,540,3,Sphenocleaceae,密穗桔梗科,Sphenocleaceae,尖瓣花科
215,541,3,Menyanthaceae,睡菜科,Menyanthaceae,睡菜科
216,601,3,Alismataceae,澤瀉科,Alismataceae,澤瀉科
217,602,3,Butomaceae,花藺科(蓩芍根科),Butomaceae,花藺科
218,603,3,Hydrocharitaceae,水虌科,Hydrocharitaceae,水鱉科
219,604,3,Aponogetonaceae,水蕹科,Aponogetonaceae,水蕹科
220,605,3,Potamogetonaceae,眼子菜科,Potamogetonaceae,眼子菜科
221,606,3,Ruppiaceae,流蘇菜科,Ruppiaceae,流蘇菜科
222,607,3,Zannichelliaceae,角果藻科,,
223,608,3,Zosteraceae,甘藻科,Zosteraceae,甘藻科
224,609,3,Najadaceae,茨藻科,,
225,610,3,Liliaceae,百合科,Liliaceae,百合科
226,611,3,Stemonaceae,百部科,Stemonaceae,百部科
227,612,3,Agavaceae,龍舌蘭科,,
228,613,3,Amaryllidaceae,石蒜科,Amaryllidaceae,石蒜科
229,614,3,Hypoxidaceae,仙茅科,Hypoxidaceae,仙茅科
230,615,3,Dioscoreaceae,薯蕷科,Dioscoreaceae,薯蕷科
231,616,3,Smilacaceae,菝葜科,Smilacaceae,菝葜科
232,617,3,Pontederiaceae,雨久花科,Pontederiaceae,雨久花科
233,618,3,Iridaceae,鳶尾科,Iridaceae,鳶尾科
234,619,3,Burmanniaceae,水玉簪科,Burmanniaceae,水玉簪科
235,620,3,Philydraceae,田蔥科,Philydraceae,田蔥科
236,621,3,Juncaceae,燈心草科,Juncaceae,燈心草科
237,622,3,Commelinaceae,鴨跖草科,Commelinaceae,鴨跖草科
238,623,3,Xyridaceae,芴草科,Xyridaceae,蔥草科
239,624,3,Eriocaulaceae,穀精草科,Eriocaulaceae,穀精草科
240,625,3,Bromeliaceae,鳳梨科,Bromeliaceae,鳳梨科
241,626,3,Flagellariaceae,鬚葉藤(鞭藤)科,Flagellariaceae,鞭藤科
242,627,3,Cyperaceae,莎草科,Cyperaceae,莎草科
243,628,3,Poaceae,禾本科,Poaceae,禾本科
244,629,3,Arecaceae,棕櫚科,Arecaceae,棕櫚科
245,630,3,Cyclanthaceae,巴拿馬草科,Cyclanthaceae,巴拿馬草科
246,631,3,Taccaceae,蛛絲草科,,
247,632,3,Araceae,天南星科,Araceae,天南星科
248,633,3,Lemnaceae,浮萍科,,
249,634,3,Pandanaceae,露兜樹科,Pandanaceae,露兜樹科
250,635,3,Sparganiaceae,黑三稜科,,
251,636,3,Typhaceae,香蒲科,Typhaceae,香蒲科
252,637,3,Musaceae,芭蕉科,Musaceae,芭蕉科
253,638,3,Strelitziaceae,旅人蕉科,Strelitziaceae,旅人蕉科
254,639,3,Zingiberaceae,薑科,Zingiberaceae,薑科
255,640,3,Cannaceae,曇花(美人蕉)科,Cannaceae,美人蕉科
256,641,3,Marantaceae,竹芋科,Marantaceae,竹芋科
257,642,3,Orchidaceae,蘭科,Orchidaceae,蘭科
258,643,3,Petrosaviaceae,櫻井草科,Petrosaviaceae,無葉蓮科
259,644,3,Triuridaceae,霉草科,Triuridaceae,霉草科
260,700,3,Pentaphragmataceae,五膜草科,Pentaphragmataceae,五膜草科
261,701,3,Cardiopteridaceae,心翼果科,Cardiopteridaceae,心翼果科
262,702,2,Gnetaceae,買麻藤科,,
263,703,3,Nepenthaceae,豬籠草科,Nepenthaceae,豬籠草科
264,704,3,Linaceae,亞麻科,Linaceae,亞麻科
265,705,3,Gunneraceae,洋二仙草科,Gunneraceae,大葉草科
266,706,3,Dipterocarpaceae,龍腦香科,Dipterocarpaceae,龍腦香科
267,707,3,Phrymaceae,蠅毒草科,Phrymaceae,透骨草科
268,708,3,Sonneratiaceae,海桑科,,
269,709,3,Cannabaceae,大麻科,Cannabaceae,大麻科
270,710,3,Stylidiaceae,花柱草科,Stylidiaceae,花柱草科
271,711,3,Ephedraceae,麻黃科,,
272,712,3,Alstroemeriaceae,百合水仙科,Alstroemeriaceae,扭柄葉科
273,713,3,Anthericaceae,吊蘭科,,
274,714,3,Adoxaceae,五福花科,Adoxaceae,五福花科
275,715,3,Cymodoceaceae,絲粉藻科,Cymodoceaceae,絲粉藻科
276,716,3,Ancistrocladaceae,鉤枝藤科,Ancistrocladaceae,鉤枝藤科
277,717,3,Anisophylleaceae,四柱木科,Anisophylleaceae,異葉木科
278,718,3,Pentaphylacaceae,五列木科,Pentaphylacaceae,五列木科
279,719,3,Haemodoraceae,血皮草科,Haemodoraceae,血草科
280,720,1,Tectariaceae,叉蕨科,,
281,721,3,Juncaginaceae,水麥冬科,Juncaginaceae,水麥冬科
282,722,3,Tetramelaceae,四數木科,Tetramelaceae,四數木科
283,723,3,Nartheciaceae,纳茜菜科,Nartheciaceae,蒟蒻薯科
284,724,3,Paeoniaceae,芍藥科,Paeoniaceae,芍藥科
285,725,3,Rhoipteleaceae,馬尾樹科,,
286,726,3,Pandaceae,小盤木科,Pandaceae,簫科
287,727,3,Cynomoriaceae,鎖陽科,Cynomoriaceae,鎖陽科
288,728,3,Restionaceae,帚燈草科,Restionaceae,帚燈草科
289,729,3,Bataceae,藜木科,Bataceae,肉穗果科
290,730,3,Podostemaceae,川苔草科,Podostemaceae,川苔草科
291,731,3,Brunelliaceae,槽柱花科,Brunelliaceae,槽柱花科
292,732,3,Calycanthaceae,蠟梅科,Calycanthaceae,蠟梅科
293,733,3,Ochnaceae,金蓮木科,Ochnaceae,金蓮木科
294,734,3,Tapisciaceae,癭椒樹科,Tapisciaceae,癭椒樹科
295,735,3,Viscaceae,槲寄生科,,
296,736,3,Clethraceae,榿葉樹科,Clethraceae,山柳科
297,737,3,Morinaceae,刺參科,,
298,738,3,Dipentodontaceae,十齒花科,Dipentodontaceae,十萼花科
299,739,3,Circaeasteraceae,星葉草科,Circaeasteraceae,星葉草科
300,740,3,Cistaceae,半日花科,Cistaceae,半日花科
301,741,3,Ixonanthaceae,粘木科,Ixonanthaceae,黏木科
302,742,3,Phyllanthaceae,葉下珠科,Phyllanthaceae,葉下珠科
303,743,3,Centroplacaceae,安神木科,Centroplacaceae,扁距木科
304,744,3,Amborellaceae,無油樟科,Amborellaceae,無油樟科
305,745,3,Hydatellaceae,獨蕊草科,Hydatellaceae,獨蕊草科
306,746,3,Austrobaileyaceae,木蘭藤科,Austrobaileyaceae,木蘭藤科
307,747,3,Trimeniaceae,早落瓣科,Trimeniaceae,早落瓣科
308,748,3,Canellaceae,白樟科,Canellaceae,白樟科
309,749,3,Winteraceae,林仙科,Winteraceae,林仙科
310,750,3,Degeneriaceae,單心木蘭科,Degeneriaceae,單心木蘭科
311,751,3,Himantandraceae,瓣蕊花科,Himantandraceae,瓣蕊花科
312,752,3,Eupomatiaceae,帽花木科,Eupomatiaceae,帽花木科
313,753,3,Siparunaceae,罈罐花科,Siparunaceae,罈罐花科
314,754,3,Gomortegaceae,葵樂果科,Gomortegaceae,葵樂果科
315,755,3,Atherospermataceae,香皮茶科,Atherospermataceae,香皮茶科
316,756,3,Monimiaceae,杯軸花科,Monimiaceae,杯軸花科
317,757,3,Acoraceae,菖蒲科,Acoraceae,菖蒲科
318,758,3,Tofieldiaceae,巖菖蒲科,Tofieldiaceae,巖菖蒲科
319,759,3,Scheuchzeriaceae,冰沼草科,Scheuchzeriaceae,冰沼草科
320,760,3,Maundiaceae,花香蒲科,Maundiaceae,花香蒲科
321,761,3,Posidoniaceae,海神草科,Posidoniaceae,海神草科
322,762,3,Velloziaceae,翡若翠科,Velloziaceae,翡若翠科
323,763,3,Campynemataceae,一葉草科,Campynemataceae,一葉草科
324,764,3,Corsiaceae,白玉簪科,Corsiaceae,白玉簪科
325,765,3,Melanthiaceae,黑葯花科,Melanthiaceae,黑葯花科
326,766,3,Petermanniaceae,花鬚藤科,Petermanniaceae,花鬚藤科
327,767,3,Colchicaceae,秋水仙科,Colchicaceae,秋水仙科
328,768,3,Philesiaceae,智利花科,Philesiaceae,智利花科
329,769,3,Ripogonaceae,無鬚藤科,Ripogonaceae,無鬚藤科
330,770,3,Boryaceae,耐旱草科,Boryaceae,耐旱草科
331,771,3,Blandfordiaceae,疣毛子科,Blandfordiaceae,疣毛子科
332,772,3,Asteliaceae,無柱花科,Asteliaceae,無柱花科
333,773,3,Lanariaceae,毛石蒜科,Lanariaceae,毛石蒜科
334,774,3,Doryanthaceae,矛纓花科,Doryanthaceae,矛纓花科
335,775,3,Ixioliriaceae,鳶尾蒜科,Ixioliriaceae,鳶尾蒜科
336,776,3,Tecophilaeaceae,異蕊草科,Tecophilaeaceae,異蕊草科
337,777,3,Xeronemataceae,血劍草科,Xeronemataceae,血劍草科
338,778,3,Asphodelaceae,金穗花科,Asphodelaceae,金穗花科
339,779,3,Asparagaceae,天門冬科,Asparagaceae,天門冬科
340,780,3,Dasypogonaceae,毛瓣花科,Dasypogonaceae,毛瓣花科
341,781,3,Hanguanaceae,缽子草科,Hanguanaceae,缽子草科
342,782,3,Lowiaceae,蘭花蕉科,Lowiaceae,蘭花蕉科
343,783,3,Heliconiaceae,蝎尾蕉科,Heliconiaceae,蝎尾蕉科
344,784,3,Costaceae,閉鞘薑科,Costaceae,閉鞘薑科
345,785,3,Rapateaceae,澤藺花科,Rapateaceae,澤藺花科
346,786,3,Mayacaceae,花水蘚科,Mayacaceae,花水蘚科
347,787,3,Thurniaceae,梭子草科,Thurniaceae,梭子草科
348,788,3,Joinvilleaceae,擬葦科,Joinvilleaceae,擬葦科
349,789,3,Ecdeiocoleaceae,溝稈草科,Ecdeiocoleaceae,溝稈草科
350,790,3,Eupteleaceae,領春木科,Eupteleaceae,領春木科
351,791,3,Myrothamnaceae,折扇葉科,Myrothamnaceae,折扇葉科
352,792,3,Peridiscaceae,翼蕊木科,Peridiscaceae,翼蕊木科
353,793,3,Altingiaceae,蕈樹科,Altingiaceae,蕈樹科
354,794,3,Cercidiphyllaceae,連香樹科,Cercidiphyllaceae,連香樹科
355,795,3,Iteaceae,鼠刺科,Iteaceae,鼠刺科
356,796,3,Grossulariaceae,茶藨子科,Grossulariaceae,茶藨子科
357,797,3,Aphanopetalaceae,隱瓣藤科,Aphanopetalaceae,隱瓣藤科
358,798,3,Tetracarpaeaceae,四果木科,Tetracarpaeaceae,四果木科
359,799,3,Penthoraceae,扯根菜科,Penthoraceae,扯根菜科
360,800,3,Krameriaceae,刺球果科,Krameriaceae,刺球果科
361,801,3,Quillajaceae,皂皮樹科,Quillajaceae,皂皮樹科
362,802,3,Surianaceae,海人樹科,Surianaceae,海人樹科
363,803,3,Barbeyaceae,鉤毛樹科,Barbeyaceae,鉤毛樹科
364,804,3,Dirachmaceae,八瓣果科,Dirachmaceae,八瓣果科
365,805,3,Nothofagaceae,南山毛櫸科,Nothofagaceae,南山毛櫸科
366,806,3,Ticodendraceae,核果樺科,Ticodendraceae,核果樺科
367,807,3,Apodanthaceae,風生花科,Apodanthaceae,風生花科
368,808,3,Corynocarpaceae,榛果木科,Corynocarpaceae,榛果木科
369,809,3,Datiscaceae,疣柱花科,Datiscaceae,疣柱花科
370,810,3,Lepidobotryaceae,鱗球穗科,Lepidobotryaceae,鱗球穗科
371,811,3,Huaceae,蒜樹科,Huaceae,蒜樹科
372,812,3,Cunoniaceae,南薔薇科,Cunoniaceae,南薔薇科
373,813,3,Cephalotaceae,囊葉草科,Cephalotaceae,囊葉草科
374,814,3,Irvingiaceae,苞芽樹科,Irvingiaceae,苞芽樹科
375,815,3,Ctenolophonaceae,梳狀冠科,Ctenolophonaceae,梳狀冠科
376,816,3,Bonnetiaceae,多籽樹科,Bonnetiaceae,多籽樹科
377,817,3,Calophyllaceae,紅厚殼科,Calophyllaceae,紅厚殼科
378,818,3,Hypericaceae,金絲桃科,Hypericaceae,金絲桃科
379,819,3,Caryocaraceae,油桃木科,Caryocaraceae,油桃木科
380,820,3,Lophopyxidaceae,五翼果科,Lophopyxidaceae,五翼果科
381,821,3,Putranjivaceae,非洲核果木科,Putranjivaceae,非洲核果木科
382,822,3,Balanopaceae,橡實科,Balanopaceae,橡實科
383,823,3,Trigoniaceae,三角果科,Trigoniaceae,三角果科
384,824,3,Dichapetalaceae,毒鼠子科,Dichapetalaceae,毒鼠子科
385,825,3,Euphroniaceae,合絲花科,Euphroniaceae,合絲花科
386,826,3,Chrysobalanaceae,可可李科,Chrysobalanaceae,可可李科
387,827,3,Humiriaceae,樹脂核科,Humiriaceae,樹脂核科
388,828,3,Achariaceae,脊臍子科,Achariaceae,脊臍子科
389,829,3,Goupiaceae,毛葯樹科,Goupiaceae,毛葯樹科
390,830,3,Lacistemataceae,裂葯花科,Lacistemataceae,裂葯花科
391,831,3,Peraceae,蚌殼木科,Peraceae,蚌殼木科
392,832,3,Picrodendraceae,苦胡桃科,Picrodendraceae,苦胡桃科
393,833,3,Francoaceae,花莖草科,Francoaceae,花莖草科
394,834,3,Vochysiaceae,萼囊花科,Vochysiaceae,萼囊花科
395,835,3,Crypteroniaceae,隱翼木科,Crypteroniaceae,隱翼木科
396,836,3,Alzateaceae,雙隔果科,Alzateaceae,雙隔果科
397,837,3,Penaeaceae,管萼木科,Penaeaceae,管萼木科
398,838,3,Aphloiaceae,脫皮檀科,Aphloiaceae,脫皮檀科
399,839,3,Geissolomataceae,四稜果科,Geissolomataceae,四稜果科
400,840,3,Strasburgeriaceae,栓皮果科,Strasburgeriaceae,栓皮果科
401,841,3,Guamatelaceae,南線梅科,Guamatelaceae,南線梅科
402,842,3,Crossosomataceae,流蘇子科,Crossosomataceae,流蘇子科
403,843,3,Picramniaceae,美洲苦木科,Picramniaceae,美洲苦木科
404,844,3,Gerrardinaceae,柳紅苺科,Gerrardinaceae,柳紅苺科
405,845,3,Petenaeaceae,紅毛椴科,Petenaeaceae,紅毛椴科
406,846,3,Biebersteiniaceae,熏倒牛科,Biebersteiniaceae,熏倒牛科
407,847,3,Nitrariaceae,白刺科,Nitrariaceae,白刺科
408,848,3,Kirkiaceae,稜鏡果科,Kirkiaceae,稜鏡果科
409,849,3,Cytinaceae,簇花科,Cytinaceae,簇花科
410,850,3,Muntingiaceae,文定果科,Muntingiaceae,文定果科
411,851,3,Neuradaceae,兩極孔草科,Neuradaceae,兩極孔草科
412,852,3,Sphaerosepalaceae,球萼樹科,Sphaerosepalaceae,球萼樹科
413,853,3,Sarcolaenaceae,苞杯花科,Sarcolaenaceae,苞杯花科
414,854,3,Akaniaceae,疊珠樹科,Akaniaceae,疊珠樹科
415,855,3,Moringaceae,辣木科,Moringaceae,辣木科
416,856,3,Limnanthaceae,沼花科,Limnanthaceae,沼花科
417,857,3,Setchellanthaceae,夷白花菜科,Setchellanthaceae,夷白花菜科
418,858,3,Koeberliniaceae,刺枝木科,Koeberliniaceae,刺枝木科
419,859,3,Salvadoraceae,刺茉莉科,Salvadoraceae,刺茉莉科
420,860,3,Emblingiaceae,澳遠志科,Emblingiaceae,澳遠志科
421,861,3,Tovariaceae,鮮芹味科,Tovariaceae,鮮芹味科
422,862,3,Pentadiplandraceae,瘤葯花科,Pentadiplandraceae,瘤葯花科
423,863,3,Gyrostemonaceae,環蕊木科,Gyrostemonaceae,環蕊木科
424,864,3,Cleomaceae,醉蝶花科,Cleomaceae,醉蝶花科
425,865,3,Aextoxicaceae,毒羊樹科,Aextoxicaceae,毒羊樹科
426,866,3,Berberidopsidaceae,智利藤科,Berberidopsidaceae,智利藤科
427,867,3,Misodendraceae,羽毛果科,Misodendraceae,羽毛果科
428,868,3,Schoepfiaceae,青皮木科,Schoepfiaceae,青皮木科
429,869,3,Frankeniaceae,瓣鱗花科,Frankeniaceae,瓣鱗花科
430,870,3,Drosophyllaceae,露葉毛氈苔科,Drosophyllaceae,露葉毛氈苔科
431,871,3,Dioncophyllaceae,雙鉤葉科,Dioncophyllaceae,雙鉤葉科
432,872,3,Rhabdodendraceae,棒狀木科,Rhabdodendraceae,棒狀木科
433,873,3,Simmondsiaceae,荷荷巴科,Simmondsiaceae,荷荷巴科
434,874,3,Physenaceae,獨子果科,Physenaceae,獨子果科
435,875,3,Asteropeiaceae,翼萼茶科,Asteropeiaceae,翼萼茶科
436,876,3,Macarthuriaceae,燈粟草科,Macarthuriaceae,燈粟草科
437,877,3,Microteaceae,鬼椒草科,Microteaceae,鬼椒草科
438,878,3,Achatocarpaceae,瑪瑙果科,Achatocarpaceae,瑪瑙果科
439,879,3,Stegnospermataceae,白籽樹科,Stegnospermataceae,白籽樹科
440,880,3,Limeaceae,腺粟草科,Limeaceae,腺粟草科
441,881,3,Lophiocarpaceae,稜果椒科,Lophiocarpaceae,稜果椒科
442,882,3,Kewaceae,蓬粟草科,Kewaceae,蓬粟草科
443,883,3,Barbeuiaceae,商葉藤科,Barbeuiaceae,商葉藤科
444,884,3,Gisekiaceae,吉粟草科,Gisekiaceae,吉粟草科
445,885,3,Petiveriaceae,蒜香草科,Petiveriaceae,蒜香草科
446,886,3,Sarcobataceae,肉刺藜科,Sarcobataceae,肉刺藜科
447,887,3,Montiaceae,水繁縷科,Montiaceae,水繁縷科
448,888,3,Didiereaceae,刺戟木科,Didiereaceae,刺戟木科
449,889,3,Halophytaceae,濱藜葉科,Halophytaceae,濱藜葉科
450,890,3,Talinaceae,土人參科,Talinaceae,土人參科
451,891,3,Anacampserotaceae,回歡草科,Anacampserotaceae,回歡草科
452,892,3,Hydrostachyaceae,水穗草科,Hydrostachyaceae,水穗草科
453,893,3,Hydrangeaceae,八仙花科,Hydrangeaceae,八仙花科
454,894,3,Loasaceae,刺蓮花科,Loasaceae,刺蓮花科
455,895,3,Curtisiaceae,南非茱萸科,Curtisiaceae,南非茱萸科
456,896,3,Grubbiaceae,毛盤花科,Grubbiaceae,毛盤花科
457,897,3,Marcgraviaceae,蜜囊花科,Marcgraviaceae,蜜囊花科
458,898,3,Tetrameristaceae,四出花科,Tetrameristaceae,四出花科
459,899,3,Fouquieriaceae,福桂花科,Fouquieriaceae,福桂花科
460,900,3,Sladeniaceae,肋果茶科,Sladeniaceae,肋果茶科
461,901,3,Sarraceniaceae,瓶子草科,Sarraceniaceae,瓶子草科
462,902,3,Roridulaceae,捕蟲木科,Roridulaceae,捕蟲木科
463,903,3,Cyrillaceae,鞣木科,Cyrillaceae,鞣木科
464,904,3,Mitrastemonaceae,奴草科,Mitrastemonaceae,奴草科
465,905,3,Oncothecaceae,鉤葯茶科,Oncothecaceae,鉤葯茶科
466,906,3,Metteniusaceae,念珠葯科,Metteniusaceae,念珠葯科
467,907,3,Eucommiaceae,杜仲科,Eucommiaceae,杜仲科
468,908,3,Garryaceae,絲纓花科,Garryaceae,絲纓花科
469,909,3,Gelsemiaceae,鉤吻科,Gelsemiaceae,鉤吻科
470,910,3,Vahliaceae,二歧草科,Vahliaceae,二歧草科
471,911,3,Montiniaceae,扁子木科,Montiniaceae,扁子木科
472,912,3,Hydroleaceae,田亞麻科,Hydroleaceae,田亞麻科
473,913,3,Plocospermataceae,毛子樹科,Plocospermataceae,毛子樹科
474,914,3,Carlemanniaceae,香茜科,Carlemanniaceae,香茜科
475,915,3,Tetrachondraceae,四核香科,Tetrachondraceae,四核香科
476,916,3,Calceolariaceae,蒲包花科,Calceolariaceae,蒲包花科
477,917,3,Stilbaceae,細密葉科,Stilbaceae,細密葉科
478,918,3,Linderniaceae,母草科,Linderniaceae,母草科
479,919,3,Byblidaceae,二型腺毛科,Byblidaceae,二型腺毛科
480,920,3,Martyniaceae,角胡麻科,Martyniaceae,角胡麻科
481,921,3,Schlegeliaceae,夷地黃科,Schlegeliaceae,夷地黃科
482,922,3,Thomandersiaceae,非洲爵床科,Thomandersiaceae,非洲爵床科
483,923,3,Mazaceae,通泉科,Mazaceae,通泉科
484,924,3,Paulowniaceae,泡桐科,Paulowniaceae,泡桐科
485,925,3,Stemonuraceae,金檀木科,Stemonuraceae,金檀木科
486,926,3,Phyllonomaceae,葉頂花科,Phyllonomaceae,葉頂花科
487,927,3,Helwingiaceae,青莢葉科,Helwingiaceae,青莢葉科
488,928,3,Rousseaceae,毛島藤灌科,Rousseaceae,毛島藤灌科
489,929,3,Alseuosmiaceae,島海桐科,Alseuosmiaceae,島海桐科
490,930,3,Phellinaceae,新冬青科,Phellinaceae,新冬青科
491,931,3,Argophyllaceae,雪葉木科,Argophyllaceae,雪葉木科
492,932,3,Calyceraceae,萼角花科,Calyceraceae,萼角花科
493,933,3,Escalloniaceae,吊片果科,Escalloniaceae,吊片果科
494,934,3,Columelliaceae,彎葯樹科,Columelliaceae,彎葯樹科
495,935,3,Bruniaceae,鱗葉樹科,Bruniaceae,鱗葉樹科
496,936,3,Paracryphiaceae,盔瓣花科,Paracryphiaceae,盔瓣花科
497,937,3,Pennantiaceae,澳茱萸科,Pennantiaceae,澳茱萸科
498,938,3,Torricelliaceae,鞘柄木科,Torricelliaceae,鞘柄木科
499,939,3,Griseliniaceae,南茱萸科,Griseliniaceae,南茱萸科
500,940,3,Myodocarpaceae,裂果楓科,Myodocarpaceae,裂果楓科
501,941,3,Codonaceae,刺鐘花科,Codonaceae,刺鐘花科
502,942,3,Coldeniaceae,生果草科,Coldeniaceae,生果草科
503,943,3,Cordiaceae,破布子科,Cordiaceae,破布子科
504,944,3,Ehretiaceae,厚殼樹科,Ehretiaceae,厚殼樹科
505,945,3,Heliotropiaceae,天芹菜科,Heliotropiaceae,天芹菜科
506,946,3,Hoplestigmataceae,單柱花科,Hoplestigmataceae,單柱花科
507,947,3,Lennoaceae,蓋裂寄生科,Lennoaceae,蓋裂寄生科
508,948,3,Namaceae,壺斗花科,Namaceae,壺斗花科
509,949,3,Wellstediaceae,蒴紫草科,Wellstediaceae,蒴紫草科
