SourceID	FullnameNoAuthors
1	Psilotum
2	Lycopodium
3	Huperzia
4	Lycopodiella
5	Selaginella
6	Isoetes
7	Equisetum
8	Botrychium
9	Helminthostachys
10	Ophioderma
11	Ophioglossum
12	Angiopteris
13	Archangiopteris
14	Marattia
15	Osmunda
16	Lygodium
17	Schizaea
18	Actinostachys
19	Dicranopteris
20	Diplopterygium
21	Abrodictyum
22	Callistopteris
23	Cephalomanes
24	Crepidomanes
25	Gonocormus
26	Hymenophyllum
27	Mecodium
28	Meringium
29	Microgonium
30	Microtrichomanes
31	Nesopteris
32	Pleuromanes
33	Reediella
34	Selenodesmium
35	Vandenboschia
36	Sphaerocionium
37	Trichomanes
38	Crepidophylium
39	Plagiogyria
40	Cibotium
41	Cyathea
42	Alsophila
43	Sphaeropteris
44	Dennstaedtia
45	Histiopteris
46	Hypolepis
47	Microlepia
48	Monachosorum
49	Paesia
50	Pteridium
51	Wicrolepia
52	Lindsaea
53	Sphenomeris
54	Tapeinidium
55	Araiostegia
56	Davallia
57	Humata
58	Leucostegia
59	Arthropteris
60	Nephrolepis
61	Oleandra
62	Cheilanthes
63	Cryptogramma
64	Doryopteris
65	Mildella
66	Onychium
67	Pteris
68	Acrostichum
69	Adiantum
70	Anogramma
71	Coniogramme
72	Gymnopteris
73	Hemionitis
74	Pityrogramma
75	Neurogramme
76	Antrophyum
77	Vaginularia
78	Vittaria
79	Monogramma
80	Matteuccia
81	Onoclea
82	Blechnum
83	Brainea
84	Diploblechnum
85	Struthiopteris
86	Woodwardia
87	Blechnidium
88	Ctenitis
89	Ctenitopsis
90	Hemigramma
91	Hypodematium
92	Lastreopsis
93	Pleocnemia
94	Pteridrys
95	Quercifilix
96	Tectaria
97	Acrophorus
98	Acrorumohra
99	Arachniodes
100	Cyrtogonellum
101	Cyrtomium
102	Diacalpe
103	Dryopteris
104	Leptorumohra
105	Peranema
106	Polystichum
107	Dryopsis
108	Nothoperanema
109	Rumohra
110	Bolbitis
111	Egenolfia
112	Elaphoglossum
113	Lomariopsis
114	Ampelopteris
115	Cyclosorus
116	Dictyocline
117	Leptogramma
118	Metathelypteris
119	Parathelypteris
120	Phegopteris
121	Pronephrium
122	Pseudophegopteris
123	Stegnogramma
124	Thelypteris
125	Macrothelypteris
126	Christella
127	Glaphyropteridopsis
128	Pseudocyclosorus
129	Sphaerostephanos
130	Pneumatopteris
131	Athyrium
132	Cornopteris
133	Cystopteris
134	Diplaziopsis
135	Diplazium
136	Gymnocarpium
137	Woodsia
138	Acystopteris
139	Deparia
140	Dictyodroma
141	Anisocampium
142	Pseudocystopteris
143	Anisogonium
144	Athyriopsis
145	Monomelangium
146	Rhachidosorus
147	Asplenium
148	Dipteris
149	Cheiropleuria
150	Aglaomorpha
151	Arthromeris
152	Belvisia
153	Colysis
154	Crypsinus
155	Drymotaenium
156	Drynaria
157	Lemmaphyllum
158	Lepisorus
159	Leptochilus
160	Loxogramme
161	Microsorum
162	Neocheiropteris
163	Polypodium
164	Pseudodrynaria
165	Pyrrosia
166	Saxiglossum
167	Phymatodes
168	Selliguea
169	Hymenolepis
170	Goniophlebium
171	Lepidogrammitis
172	Phymatopteris
173	Polypodiodes
174	Calymmodon
175	Ctenopteris
176	Grammitis
177	Prosaptia
178	Scleroglossum
179	Xiphopteris
180	Ceratopteris
181	Marsilea
182	Salvinia
183	Azolla
184	Cycas
185	Macrozamia
186	Zamia
187	Ginkgo
188	Pseudotaxus
189	Taxus
190	Torreya
191	Amentotaxus
192	Cephalotaxus
193	Nageia
194	Podocarpus
195	Decussocarpus
196	Abies
197	Cedrus
198	Keteleeria
199	Larix
200	Picea
201	Pinus
202	Pseudolarix
203	Pseudotsuga
204	Tsuga
205	Cryptomeria
206	Cunninghamia
207	Glyptostrobus
208	Metasequoia
209	Sciadopitys
210	Sequoia
211	Sequoiadendron
212	Taiwania
213	Taxodium
214	Agathis
215	Araucaria
216	Callitris
217	Calocedrus
218	Chamaecyparis
219	Cupressus
220	Fokienia
221	Juniperus
222	Thuja
223	Thujopsis
224	Casuarina
225	Myrica
226	Carya
227	Engelhardia
228	Juglans
229	Platycarya
230	Pterocarya
231	Rhamphocarya
232	Populus
233	Salix
234	Alnus
235	Betula
236	Carpinus
237	Corylus
238	Castanea
239	Castanopsis
240	Cyclobalanopsis
241	Fagus
242	Limlia
243	Lithocarpus
244	Pasania
245	Quercus
246	Aphananthe
247	Celtis
248	Trema
249	Ulmus
250	Zelkova
251	Artocarpus
252	Broussonetia
253	Cannabis
254	Castillosa
255	Fatoua
256	Ficus
257	Humulus
258	Maclura
259	Malaisia
260	Morus
261	Cudrania
262	Poikilospermum
263	Boehmeria
264	Chamabainia
265	Cypholophus
266	Debregeasia
267	Dendrocnide
268	Droguetia
269	Elatostema
270	Girardinia
271	Gonostegia
272	Laportea
273	Lecanthus
274	Leucosyke
275	Maoutia
276	Nanocnide
277	Oreocnide
278	Pellionia
279	Pilea
280	Pipturus
281	Pouzolzia
282	Procris
283	Urtica
284	Fleurya
285	Villebrunea
286	Grevillea
287	Helicia
288	Macadamia
289	Olax
290	Schoepfia
291	Santalum
292	Thesium
293	Champereia
294	Korthalsella
295	Loranthus
296	Taxillus
297	Viscum
298	Scurrula
299	Bifaria
300	Hyphear
301	Mistletoe
302	Aspidixia
303	Balanophora
304	Antigonon
305	Coccoloba
306	Fagopyrum
307	Muehlenbeckia
308	Polygonum
309	Rumex
310	Persicaria
311	Antenoron
312	Phytolacca
313	Rivinia
314	Boerhavia
315	Bougainvillea
316	Mirabilis
317	Pisonia
318	Glinus
319	Mollugo
320	Argyroderma
321	Bergeranthus
322	Conophyllum
323	Conophytum
324	Delosperma
325	Dorotheanthus
326	Erepsia
327	Faucaria
328	Gibbaeum
329	Glottiphyllum
330	Hereroa
331	Lampranthus
332	Mesembryanthemum
333	Nycteranthus
334	Pleiospilos
335	Sesuvium
336	Tetragonia
337	Trianthemum
338	Anacampseros
339	Portulaca
340	Portulacaria
341	Rhinephyllum
342	Talinum
343	Anredera
344	Basella
345	Arenaria
346	Cerastium
347	Cucubalus
348	Dianthus
349	Drymaria
350	Gypsophila
351	Lychnis
352	Moehringia
353	Sagina
354	Saponaria
355	Silene
356	Stellaria
357	Titanopsis
358	Vaccaria
359	Spergula
360	Atriplex
361	Beta
362	Chenopodium
363	Kochia
364	Spinacia
365	Suaeda
366	Achyranthes
367	Aerva
368	Alternanthera
369	Amaranthus
370	Celosia
371	Cyathula
372	Deeringia
373	Gomphrena
374	Iresine
375	Philoxerus
376	Telanthera
377	Acanthocereus
378	Aporocactus
379	Astrophytum
380	Austrocylindropuntia
381	Aztekium
382	Brasilicactus
383	Carnegiea
384	Cephalocereus
385	Cereus
386	Chamaecereus
387	Cleistocactus
388	Copiapoa
389	Corynopuntia
390	Coryphantha
391	Dolichothele
392	Echinocactus
393	Echinocereus
394	Echinofossulocactus
395	Echinomastus
396	Echinopsis
397	Epiphyllum
398	Epixochia
399	Eriocactus
400	Espostoa
401	Ferocactus
402	Frailea
403	Grusonia
404	Gymnocalycium
405	Haageocereus
406	Hamatocactus
407	Hatiora
408	Homalocephala
409	Hylocereus
410	Krainzia
411	Lemaireocereus
412	Leuchtenbergia
413	Lobivia
414	Lophophora
415	Mammillaria
416	Marginatocereus
417	Mediolobivia
418	Myrtillocactus
419	Neobuxbaumia
420	Neochilenia
421	Neolloydia
422	Nopalea
423	Nopalxochia
424	Notocactus
425	Nyctocereus
426	Opuntia
427	Oreocereus
428	Pachycereus
429	Pelecyphora
430	Peniocereus
431	Pereskia
432	Pilosocereus
433	Polaskia
434	Pseudoespostoa
435	Pseudolobivia
436	Quiabentia
437	Rebutia
438	Rhipsalis
439	Ritterocereus
440	Roseocactus
441	Schlumbergera
442	Selenicereus
443	Soehrensia
444	Strombocactus
445	Tephrocactus
446	Thelocactus
447	Trichocereus
448	Wigginsia
449	Wilcoxia
450	Zygocactus
451	Liriodendron
452	Magnolia
453	Michelia
454	Eucommia
455	Annona
456	Artabotrys
457	Cananga
458	Fissistigma
459	Goniothalamus
460	Polyalthia
461	Rollinia
462	Myristica
463	Kadsura
464	Schisandra
465	Illicium
466	Beilschmiedia
467	Cassytha
468	Cinnamomum
469	Cryptocarya
470	Dehaasia
471	Endiandra
472	Laurus
473	Lindera
474	Litsea
475	Machilus
476	Neolitsea
477	Persea
478	Phoebe
479	Sassafras
480	Actinodaphne
481	Cylicodaphne
482	Fiwa
483	Aperula
484	Hernandia
485	Illigera
486	Trochodendron
487	Aconitum
488	Adonis
489	Anemone
490	Aquilegia
491	Calathodes
492	Cimicifuga
493	Clematis
494	Coptis
495	Delphinium
496	Dichocarpum
497	Nigella
498	Ranunculus
499	Thalictrum
500	Trollius
501	Eriocapitella
502	Berberis
503	Dysosma
504	Mahonia
505	Nandina
506	Podophyllum
507	Akebia
508	Stauntonia
509	Cocculus
510	Cyclea
511	Pericampylus
512	Sinomenium
513	Stephania
514	Tinospora
515	Paracyclea
516	Nelumbo
517	Euryale
518	Nuphar
519	Nymphaea
520	Brasenia
521	Ceratophyllum
522	Houttuynia
523	Saururus
524	Peperomia
525	Piper
526	Zippelia
527	Chloranthus
528	Sarcandra
529	Aristolochia
530	Asarum
531	Geotaenium
532	Heterotropa
533	Mitrastemon
534	Dillenia
535	Actinidia
536	Saurauia
537	Adinandra
538	Anneslea
539	Camellia
540	Cleyera
541	Eurya
542	Gordonia
543	Pyrenaria
544	Schima
545	Ternstroemia
546	Tutcheria
547	Hartia
548	Calophyllum
549	Garcinia
550	Hypericum
551	Triadenum
552	Drosera
553	Argemone
554	Eschscholtzia
555	Macleaya
556	Papaver
557	Corydalis
558	Fumaria
559	Capparis
560	Cleome
561	Crateva
562	Polanisia
563	Arabis
564	Barbarea
565	Brassica
566	Capsella
567	Cardamine
568	Cheiranthus
569	Cochlearia
570	Coronopus
571	Draba
572	Eutrema
573	Iberis
574	Lepidium
575	Lobularia
576	Matthiola
577	Nasturtium
578	Orychophragmus
579	Raphanus
580	Rorippa
581	Sisymbrium
582	Wasabia
583	Reseda
584	Platanus
585	Corylopsis
586	Distyliopsis
587	Distylium
588	Eustigma
589	Liquidambar
590	Sycopsis
591	Adromischus
592	Bryophyllum
593	Cotyledon
594	Crassula
595	Dudleya
596	Echeveria
597	Graptopetalum
598	Hylotelephium
599	Kalanchoe
600	Orostachys
601	Pachyveria
602	Sedum
603	Sempervivum
604	Astilbe
605	Cardiandra
606	Chrysosplenium
607	Deutzia
608	Hydrangea
609	Itea
610	Mitella
611	Parnassia
612	Pileostegia
613	Ribes
614	Rodgersia
615	Saxifraga
616	Schizophragma
617	Tiarella
618	Dichroa
619	Pittosporum
620	Agrimonia
621	Aria
622	Chaenomeles
623	Chrysobalanus
624	Cotoneaster
625	Cydonia
626	Duchesnea
627	Eriobotrya
628	Filipendula
629	Fragaria
630	Geum
631	Kerria
632	Macromeles
633	Malus
634	Osteomeles
635	Photinia
636	Potentilla
637	Pourthiaea
638	Prinsepia
639	Prunus
640	Pyracantha
641	Pyrus
642	Rhaphiolepis
643	Rosa
644	Rubus
645	Sanguisorba
646	Sibbaldia
647	Sorbus
648	Spiraea
649	Stephanandra
650	Stranvaesia
651	Rourea
652	Abrus
653	Acacia
654	Adenanthera
655	Aeschynomene
656	Albizia
657	Alysicarpus
658	Amphicarpaea
659	Apios
660	Arachis
661	Archidendron
662	Astragalus
663	Bauhinia
664	Butea
665	Caesalpinia
666	Cajanus
667	Calliandra
668	Calopogonium
669	Campylotropis
670	Canavalia
671	Caragana
672	Cassia
673	Centrosema
674	Chamaecrista
675	Christia
676	Cicer
677	Clitoria
678	Codariocalyx
679	Copaifera
680	Crotalaria
681	Cytisus
682	Dalbergia
683	Daviesia
684	Delonix
685	Dendrolobium
686	Derris
687	Desmanthus
688	Desmodium
689	Dolichos
690	Dumasia
691	Dunbaria
692	Dysolobium
693	Entada
694	Enterolobium
695	Eriosema
696	Erythrina
697	Euchresta
698	Flemingia
699	Galactia
700	Gleditsia
701	Gliricidia
702	Glycine
703	Glycyrrhiza
704	Haematoxylon
705	Hovea
706	Hymenaea
707	Indigofera
708	Inocarpus
709	Intsia
710	Kummerowia
711	Lablab
712	Lathyrus
713	Lespedeza
714	Leucaena
715	Lonchocarpus
716	Lotononis
717	Lotus
718	Lupinus
719	Lysidice
720	Maackia
721	Macroptilium
722	Macrotyloma
723	Medicago
724	Melilotus
725	Mezoneurum
726	Millettia
727	Mimosa
728	Mirbelia
729	Mucuna
730	Myroxylon
731	Neonotonia
732	Neptunia
733	Ormocarpum
734	Ormosia
735	Ornithopus
736	Pachyrhizus
737	Pahudia
738	Parkia
739	Parkinsonia
740	Peltophorum
741	Phaseolus
742	Phyllodium
743	Pisum
744	Pithecellobium
745	Pongamia
746	Prosopis
747	Psophocarpus
748	Psoralea
749	Pterocarpus
750	Pueraria
751	Pycnospora
752	Rhynchosia
753	Robinia
754	Samanea
755	Saraca
756	Senna
757	Sesbania
758	Sindora
759	Smithia
760	Sophora
761	Spertium
762	Stizolobium
763	Stylosanthes
764	Tadehagi
765	Tamarindus
766	Tephrosia
767	Teramnus
768	Trifolium
769	Uraria
770	Vicia
771	Vigna
772	Wisteria
773	Xylia
774	Zornia
775	Trigonella
776	Whitfordiodendron
777	Atylosia
778	Brownea
779	Catenaria
780	Averrhoa
781	Biophytum
782	Oxalis
783	Geranium
784	Pelargonium
785	Erodium
786	Tropaeolum
787	Tribulus
788	Erythroxylum
789	Acalypha
790	Alchornea
791	Aleurites
792	Antidesma
793	Bischofia
794	Breynia
795	Bridelia
796	Chamaesyce
797	Cicca
798	Claoxylon
799	Codiaeum
800	Croton
801	Drypetes
802	Emblica
803	Euphorbia
804	Excoecaria
805	Flueggea
806	Gelonium
807	Glochidion
808	Hevea
809	Homonoia
810	Hura
811	Jatropha
812	Liodendron
813	Macaranga
814	Mallotus
815	Manihot
816	Margaritaria
817	Melanolepis
818	Mercurialis
819	Omalanthus
820	Pedilanthus
821	Phyllanthus
822	Ricinus
823	Sapium
824	Synostemon
825	Galarhoeus
826	Homalanthus
827	Securinega
828	Baccaurea
829	Daphniphyllum
830	Acronychia
831	Aegle
832	Boenninghausenia
833	Citrus
834	Clausena
835	Euodia
836	Fortunella
837	Glycosmis
838	Melicope
839	Microcitrus
840	Murraya
841	Phellodendron
842	Pilocarpus
843	Poncirus
844	Ruta
845	Severinia
846	Skimmia
847	Tetradium
848	Toddalia
849	Zanthoxylum
850	Fagara
851	Ailanthus
852	Brucea
853	Picrasma
854	Quassia
855	Canarium
856	Aglaia
857	Aphanamixis
858	Cedrela
859	Chisocheton
860	Dysoxylum
861	Khaya
862	Melia
863	Swietenia
864	Toona
865	Azadirachta
866	Bunchosia
867	Hiptage
868	Malpighia
869	Ryssopterys
870	Stigmaphyllon
871	Triopteris
872	Tristellateia
873	Byrsonima
874	Polygala
875	Salomonia
876	Epirixanthes
877	Coriaria
878	Anacardium
879	Bouea
880	Buchanania
881	Koordersiodendron
882	Mangifera
883	Melanorrhoea
884	Pistacia
885	Rhus
886	Schinus
887	Semecarpus
888	Spondias
889	Acer
890	Allophylus
891	Cardiospermum
892	Dodonaea
893	Euphoria
894	Eurycorymbus
895	Koelreuteria
896	Litchi
897	Melicocca
898	Nephelium
899	Pometia
900	Sandoricum
901	Sapindus
902	Bretschneidera
903	Meliosma
904	Sabia
905	Impatiens
906	Ilex
907	Celastrus
908	Euonymus
909	Maytenus
910	Microtropis
911	Perrottetia
912	Tripterygium
913	Genitia
914	Gymnosporia
915	Euscaphis
916	Turpinia
917	Buxus
918	Pachysandra
919	Sarcococca
920	Gomphandra
921	Gonocaryum
922	Nothapodytes
923	Mappianthus
924	Stemonurus
925	Berchemia
926	Colubrina
927	Hovenia
928	Paliurus
929	Rhamnus
930	Sageretia
931	Ventilago
932	Zizyphus
933	Frangula
934	Ampelopsis
935	Cayratia
936	Cissus
937	Columella
938	Parthenocissus
939	Tetrastigma
940	Vitis
941	Leea
942	Elaeocarpus
943	Sloanea
944	Berrya
945	Corchorus
946	Grewia
947	Muntingia
948	Triumfetta
949	Abelmoschus
950	Abutilon
951	Althaea
952	Gossypium
953	Hibiscus
954	Lavatera
955	Malva
956	Malvastrum
957	Malvaviscus
958	Sida
959	Thespesia
960	Urena
961	Malachra
962	Bombax
963	Ceiba
964	Durio
965	Ochroma
966	Pachira
967	Brachychiton
968	Firmiana
969	Helicteres
970	Heritiera
971	Kleinhovia
972	Melochia
973	Pentapetes
974	Pterospermum
975	Reevesia
976	Sterculia
977	Theobroma
978	Waltheria
979	Ambroma
981	Aquilaria
982	Daphne
983	Diplomorpha
984	Edgeworthia
985	Stellera
986	Wikstroemia
987	Elaeagnus
988	Casearia
989	Douralis
990	Flacourtia
991	Homalium
992	Hydnocarpus
993	Idesia
994	Scolopia
995	Xylosma
996	Carrierea
997	Hybanthus
998	Viola
999	Stachyurus
1000	Adenia
1001	Passiflora
1002	Bixa
1003	Tamarix
1004	Bergia
1005	Elatine
1006	Carica
1007	Begonia
1008	Actinostemma
1009	Benincasa
1010	Citrullus
1011	Cucumis
1012	Cucurbita
1013	Diplocyclos
1014	Gymnopetalum
1015	Gynostemma
1016	Lagenaria
1017	Luffa
1018	Melothria
1019	Momordica
1020	Mukia
1021	Neoalsomitra
1022	Sechium
1023	Siraitia
1024	Solena
1025	Thladiantha
1026	Trichosanthes
1027	Zehneria
1028	Ammannia
1029	Cuphea
1030	Lagerstroemia
1031	Lawsonia
1032	Pemphis
1033	Rotala
1034	Peplis
1035	Acmena
1036	Callistemon
1037	Couroupita
1038	Decaspermum
1039	Eucalyptus
1040	Eugenia
1041	Melaleuca
1042	Psidium
1043	Rhodomyrtus
1044	Syncarpia
1045	Syzygium
1046	Tristania
1047	Baeckea
1048	Metrosideros
1049	Myrtus
1050	Punica
1051	Barringtonia
1052	Lecythis
1053	Astronia
1054	Barthea
1055	Blastus
1056	Bredia
1057	Medinilla
1058	Melastoma
1059	Memecylon
1060	Osbeckia
1061	Otanthera
1062	Pachycentria
1063	Sarcopyramis
1064	Sonerila
1065	Clidemia
1066	Oxyspora
1067	Plagiopetalum
1068	Kandelia
1069	Rhizophora
1070	Bruguiera
1071	Combretum
1072	Lumnitzera
1073	Quisqualis
1074	Terminalia
1075	Circaea
1076	Clarkia
1077	Epilobium
1078	Fuchsia
1079	Gaura
1080	Ludwigia
1081	Oenothera
1082	Trapa
1083	Haloragis
1084	Myriophyllum
1085	Theligonum
1086	Alangium
1087	Camptotheca
1088	Aucuba
1089	Benthamidia
1090	Cornus
1091	Helwingia
1092	Swida
1093	Acanthopanax
1094	Aralia
1095	Cussonia
1096	Dendropanax
1097	Dizygotheca
1098	Eleutherococcus
1099	Fatsia
1100	Hedera
1101	Nothopanax
1102	Osmoxylon
1103	Pentapanax
1104	Polyscias
1105	Schefflera
1106	Sinopanax
1107	Tetrapanax
1108	Textoria
1109	Boerlagiodendron
1110	Kalopanax
1111	Angelica
1112	Apium
1113	Bupleurum
1114	Carum
1115	Caucalis
1116	Centella
1117	Cnidium
1118	Conioselinum
1119	Coriandrum
1120	Cryptotaenia
1121	Daucus
1122	Eryngium
1123	Foeniculum
1124	Glehnia
1125	Hydrocotyle
1126	Oenanthe
1127	Oreomyrrhis
1128	Osmorhiza
1129	Peucedanum
1130	Pimpinella
1131	Sanicula
1132	Sium
1133	Torilis
1134	Cyclospermum
1135	Shortia
1136	Cheilotheca
1137	Chimaphila
1138	Moneses
1139	Monotropa
1140	Pyrola
1141	Enkianthus
1142	Gaultheria
1143	Lyonia
1144	Pieris
1145	Rhododendron
1146	Vaccinium
1147	Agapetes
1148	Elliottia
1149	Ardisia
1150	Bladhia
1151	Embelia
1152	Maesa
1153	Myrsine
1154	Aegiceras
1155	Anagallis
1156	Androsace
1157	Cyclamen
1158	Lysimachia
1159	Primula
1160	Stimpsonia
1161	Armeria
1162	Limonium
1163	Plumbago
1164	Statice
1165	Achras
1166	Chrysophyllum
1167	Lucuma
1168	Manilkara
1169	Mimusops
1170	Palaquium
1171	Pouteria
1172	Planchonella
1173	Eberhardtia
1174	Diospyros
1175	Alniphyllum
1176	Styrax
1177	Palura
1178	Symplocos
1179	Cordyloblaste
1180	Chionanthus
1181	Fraxinus
1182	Jasminum
1183	Ligustrum
1184	Linociera
1185	Olea
1186	Osmanthus
1187	Buddleja
1188	Fagraea
1189	Gardneria
1190	Gelsemium
1191	Geniostema
1192	Mitrasacme
1193	Strychnos
1194	Centaurium
1195	Eustoma
1196	Exacum
1197	Gentiana
1198	Swertia
1199	Tripterospermum
1200	Pterygocalyx
1201	Lomatogonium
1202	Crawfurdia
1203	Aganosma
1204	Allamanda
1205	Alstonia
1206	Alyxia
1207	Anodendron
1208	Carissa
1209	Catharanthus
1210	Cerbera
1211	Ecdysanthera
1212	Formosia
1213	Funtumia
1214	Lactaria
1215	Landolphia
1216	Melodinus
1217	Nerium
1218	Ochrosia
1219	Parsonsia
1220	Plumeria
1221	Rauvolfia
1222	Strophanthus
1223	Tabernaemontana
1224	Thevetia
1225	Trachelospermum
1226	Vallaris
1227	Vinca
1228	Wrightia
1229	Holarrhena
1230	Mascarenhasia
1231	Asclepias
1232	Ceropegia
1233	Cryptolepis
1234	Cryptostegia
1235	Cynanchum
1236	Dischidia
1237	Dregea
1238	Gymnema
1239	Heterostemma
1240	Hoya
1241	Huernia
1242	Marsdenia
1243	Pergularia
1244	Stapelia
1245	Stapelianthus
1246	Stephanotis
1247	Stultitia
1248	Telosma
1249	Tylophora
1250	Jasminanthes
1251	Metaplexis
1252	Adina
1253	Argostemma
1254	Borreria
1255	Catesbaea
1256	Cephalanthus
1257	Cinchona
1258	Coffea
1259	Coptosapelta
1260	Damnacanthus
1261	Dentella
1262	Galium
1263	Gardenia
1264	Geophila
1265	Guettarda
1266	Hamelia
1267	Hayataella
1268	Hedyotis
1269	Hoffmannia
1270	Ixora
1271	Knoxia
1272	Lasianthus
1273	Litosanthes
1274	Mitchella
1275	Morinda
1276	Mussaenda
1277	Neonauclea
1278	Nertera
1279	Ophiorrhiza
1280	Paederia
1281	Pavetta
1282	Pentas
1283	Posoqueria
1284	Psychotria
1285	Randia
1286	Richardia
1287	Rubia
1288	Serissa
1289	Tarenna
1290	Timonius
1291	Tricalysia
1292	Uncaria
1293	Wendlandia
1294	Canthium
1295	Diodia
1296	Neanotis
1297	Sherardia
1298	Sinoadina
1299	Spermacoce
1300	Luculia
1301	Diplospora
1302	Mycetia
1303	Mephitidia
1304	Phlox
1305	Argyreia
1306	Calystegia
1307	Convolvulus
1308	Cuscuta
1309	Dichondra
1310	Erycibe
1311	Evolvulus
1312	Hewittia
1313	Ipomoea
1314	Jacquemontia
1315	Lepistemon
1316	Merremia
1317	Operculina
1318	Quamoclit
1319	Stictocardia
1320	Xenostegia
1321	Hydrolea
1322	Nemophila
1323	Anchusa
1324	Bothriospermum
1325	Buglossoides
1326	Coldenia
1327	Cordia
1328	Cynoglossum
1329	Ehretia
1330	Heliotropium
1331	Messerschmidia
1332	Symphytum
1333	Thyrocarpus
1334	Tournefortia
1335	Trichodesma
1336	Trigonotis
1337	Carmona
1338	Lithospermum
1339	Avicennia
1340	Baillonia
1341	Callicarpa
1342	Caryopteris
1343	Clerodendrum
1344	Duranta
1345	Gmelina
1346	Lantana
1347	Phyla
1348	Premna
1349	Sphenodesme
1350	Stachytarpheta
1351	Tectona
1352	Verbena
1353	Vitex
1354	Lippia
1355	Callitriche
1356	Acrocephalus
1357	Agastache
1358	Ajuga
1359	Anisomeles
1360	Basilicum
1361	Chelonopsis
1362	Clinopodium
1363	Coleus
1364	Dysophylla
1365	Elsholtzia
1366	Glechoma
1367	Gomphostemma
1368	Hyptis
1369	Keiskea
1370	Kinotemon
1371	Lamium
1372	Lavandula
1373	Leonurus
1374	Leucas
1375	Leucosceptrum
1376	Lycopus
1377	Majorana
1378	Melissa
1379	Mentha
1380	Mesona
1381	Moluccella
1382	Moschosma
1383	Mosla
1384	Nepeta
1385	Ocimum
1386	Origanum
1387	Orthodon
1388	Orthosiphon
1389	Paraphlomis
1390	Perilla
1391	Pogostemon
1392	Prunella
1393	Rabdosia
1394	Rubiteucris
1395	Salvia
1396	Scutellaria
1397	Sideritis
1398	Stachys
1399	Suzukia
1400	Teucrium
1401	Bostrychanthera
1402	Comanthosphace
1403	Isodon
1404	Phlomis
1405	Browallia
1406	Brugmansia
1407	Brunfelsia
1408	Capsicum
1409	Cestrum
1410	Cyphomandra
1411	Datura
1412	Lycium
1413	Lycopersicon
1414	Nicandra
1415	Nicotiana
1416	Nierembergia
1417	Petunia
1418	Physalis
1419	Salpiglossis
1420	Schizanthus
1421	Solandra
1422	Solanum
1423	Tubocapsicum
1424	Lycianthes
1425	Physaliastrum
1426	Antirrhimum
1427	Bacopa
1428	Centranthera
1429	Digitalis
1430	Dopatrium
1431	Ellisiophyllum
1432	Euphrasia
1433	Hemiphragma
1434	Limnophila
1435	Linaria
1436	Lindernia
1437	Mazus
1438	Melasma
1439	Microcarpaea
1440	Mimulus
1441	Paulownia
1442	Pedicularis
1443	Penstemon
1444	Phtheirospermum
1445	Rehmannia
1446	Russelia
1447	Scoparia
1448	Scrophularia
1449	Siphonostegia
1450	Striga
1451	Tetranema
1452	Torenia
1453	Vandellia
1454	Veronica
1455	Veronicastrum
1456	Alectra
1457	Deinostema
1458	Legazpia
1459	Brandisia
1460	Lindenbergia
1461	Botryopleuron
1462	Calorhabdos
1463	Mecardonia
1464	Melampyrum
1465	Picria
1466	Pseudolysimachion
1467	Ruellia
1468	Bignonia
1469	Campsis
1470	Catalpa
1471	Clytostoma
1472	Crescentia
1473	Jacaranda
1474	Kigelia
1475	Oroxylum
1476	Parmentiera
1477	Pyrostegia
1478	Radermachia
1479	Saritaea
1480	Spathodea
1481	Tecoma
1482	Tecomaria
1483	Adhatoda
1484	Aphelandra
1485	Asystasia
1486	Asystasiella
1487	Baphicacanthus
1488	Barleria
1489	Blechum
1490	Calliaspidia
1491	Codonacanthus
1492	Crossandra
1493	Dicliptera
1494	Dipteracanthus
1495	Eranthemum
1496	Fittonia
1497	Gendarussa
1498	Goldfussia
1499	Hemiadelphis
1500	Hemigraphis
1501	Hygrophila
1502	Hypoestes
1503	Jacobinia
1504	Justicia
1505	Kudoacanthus
1506	Lepidagathis
1507	Odontonema
1508	Parachampionella
1509	Peristrophe
1510	Pseuderanthemum
1511	Rhinacanthus
1512	Rungia
1513	Sanchezia
1514	Semnostachya
1515	Staurogyne
1516	Strobilanthes
1517	Thunbergia
1518	Phlogacanthus
1519	Pteroptychia
1520	Andrographis
1521	Sesamum
1522	Achimenes
1523	Aeschynanthus
1524	Boea
1525	Chirita
1526	Columnea
1527	Conandron
1528	Cyrtandra
1529	Didymocarpus
1530	Episcia
1531	Hemiboea
1532	Lysionotus
1533	Nautilocalyx
1534	Rhynchoglossum
1535	Rhynchotechum
1536	Saintpaulia
1537	Sinningia
1538	Streptocarpus
1539	Titanotrichum
1540	Whytockia
1541	Epithema
1542	Paraboea
1543	Oreocharis
1544	Metapetrocomea
1545	Aeginetia
1546	Boschniakia
1547	Orobanche
1548	Christisonia
1549	Utricularia
1550	Myoporum
1551	Plantago
1552	Abelia
1553	Lonicera
1554	Sambucus
1555	Viburnum
1556	Patrinia
1557	Triplostegia
1558	Valeriana
1559	Scabiosa
1560	Adenophora
1561	Campanula
1562	Campanumoea
1563	Codonopsis
1564	Hippobroma
1565	Lobelia
1566	Peracarpa
1567	Platycodon
1568	Pratia
1569	Wahlenbergia
1570	Cyclocodon
1571	Triodanis
1572	Isotoma
1573	Scaevola
1574	Achillea
1575	Adenocaulon
1576	Adenostemma
1577	Ageratum
1578	Ainsliaea
1579	Ambrosia
1580	Ammobium
1581	Anaphalis
1582	Anthemis
1583	Arctium
1584	Arctotis
1585	Arnica
1586	Artemisia
1587	Aster
1588	Bidens
1589	Billis
1590	Blumea
1591	Brachycome
1592	Cacalia
1593	Calendula
1594	Callistephus
1595	Carpesium
1596	Carthamus
1597	Centaurea
1598	Centipeda
1599	Chrysanthemum
1600	Cichorium
1601	Cineraria
1602	Cirsium
1603	Conyza
1604	Coreopsis
1605	Cosmos
1606	Cotula
1607	Crassocephalum
1608	Crepidiastrum
1609	Crossostephium
1610	Dahlia
1611	Dichrocephala
1612	Dimorphotheca
1613	Echinops
1614	Eclipta
1615	Elephantopus
1616	Emilia
1617	Erechtites
1618	Erigeron
1619	Ethulia
1620	Eupatorium
1621	Farfugium
1622	Gaillardia
1623	Galinsoga
1624	Gerbera
1625	Glossogyne
1626	Gnaphalium
1627	Grangea
1628	Gynura
1629	Helenium
1630	Helianthus
1631	Helichrysum
1632	Heliopsis
1633	Helipterum
1634	Hemistepta
1635	Heteropappus
1636	Hieracium
1637	Ixeris
1638	Kalimeris
1639	Lactuca
1640	Lagenophora
1641	Laggera
1642	Lapsana
1643	Leibnitzia
1644	Leontopodium
1645	Liatris
1646	Ligularia
1647	Matricaria
1648	Microglossa
1649	Mikania
1650	Myriactis
1651	Paraixeris
1652	Pertya
1653	Petasites
1654	Picris
1655	Pluchea
1656	Prenanthes
1657	Pseudelephantopus
1658	Rhynchospermum
1659	Rudbeckia
1660	Sanvitaria
1661	Saussurea
1662	Senecio
1663	Sigesbeckia
1664	Silybum
1665	Solidago
1666	Soliva
1667	Sonchus
1668	Sphaeranthus
1669	Sphaeromorphaea
1670	Spilanthes
1671	Stokesia
1672	Synedrella
1673	Syneilesis
1674	Tagetes
1675	Taraxacum
1676	Tithonia
1677	Tragopogon
1678	Tridax
1679	Venidium
1680	Vernonia
1681	Wedelia
1682	Xanthium
1683	Youngia
1684	Zinnia
1685	Acmella
1686	Ageratina
1687	Calyptocarpus
1688	Chromolaena
1689	Dendranthema
1690	Epaltes
1691	Glossocardia
1692	Hypochaeris
1693	Ixeridium
1694	Lapsanastrum
1695	Leucanthemum
1696	Nemosenecio
1697	Notoseris
1698	Paraprenanthes
1699	Parasenecio
1700	Parthenium
1701	Pterocypsela
1702	Centratherum
1703	Tephroseris
1704	Clibadium
1705	Flaveria
1706	Praxelis
1707	Inula
1708	Hesperomannia
1709	Lagascea
1710	Synotis
1711	Sphenoclea
1712	Nymphoides
1713	Alisma
1714	Caldesia
1715	Lophotocarpus
1716	Sagittaria
1717	Hydrocleys
1718	Blyxa
1719	Egeria
1720	Halophila
1721	Hydrilla
1722	Hydrocharis
1723	Ottelia
1724	Thalassia
1725	Vallisneria
1726	Elodea
1727	Aponogeton
1728	Potamogeton
1729	Ruppia
1730	Halodule
1731	Zannichellia
1732	Zostera
1733	Najas
1734	Aletris
1735	Allium
1736	Aloe
1737	Anemarrhena
1738	Asparagus
1739	Aspidistra
1740	Chlorophytum
1741	Convallaria
1742	Dianella
1743	Disporopsis
1744	Disporum
1745	Drimiopsis
1746	Erythronium
1747	Eucomis
1748	Fritillaria
1749	Gagea
1750	Gasteria
1751	Haworthia
1752	Heloniopsis
1753	Hemerocallis
1754	Hosta
1755	Hyacinthus
1756	Lilium
1757	Liriope
1758	Muscari
1759	Ophiopogon
1760	Ornithogalum
1761	Paris
1762	Peliosanthes
1763	Polygonatum
1764	Reineckia
1765	Rohdea
1766	Ruccus
1767	Scilla
1768	Smilacina
1769	Thysanotus
1770	Tricyrtis
1771	Trillium
1772	Tulipa
1773	Veratrum
1774	Helonias
1775	Barnardia
1776	Campylandra
1777	Daiswa
1778	Maianthemum
1779	Molineria
1780	Chionographis
1781	Stemona
1782	Agave
1783	Cordyline
1784	Dracaena
1785	Eurcraea
1786	Nolina
1787	Polianthes
1788	Sansevieria
1789	Yucca
1790	Agapanthus
1791	Amaryllis
1792	Brodiaea
1793	Clivia
1794	Crinum
1795	Cyrtanthus
1796	Eucharis
1797	Eurycles
1798	Furcraea
1799	Haemanthus
1800	Hippeastrum
1801	Hymenocallis
1802	Lycoris
1803	Narcissus
1804	Sternbergia
1805	Tulbaghia
1806	Zephyranthes
1807	Curculigo
1808	Hypoxis
1809	Dioscorea
1810	Heterosmilax
1811	Smilax
1812	Eichhornia
1813	Monochoria
1814	Babiana
1815	Belamcanda
1816	Crocosma
1817	Crocus
1818	Freesia
1819	Gladiolus
1820	Iris
1821	Ixia
1822	Neomarica
1823	Sisyrinchium
1824	Sparaxis
1825	Streptanthera
1826	Tritonia
1827	Watsonia
1828	Burmannia
1829	Gymnosiphon
1830	Philydrum
1831	Juncus
1832	Luzula
1833	Amischotolype
1834	Aneilema
1835	Commelina
1836	Cyanotis
1837	Dichorisandra
1838	Floscopa
1839	Geogenanthus
1840	Murdannia
1841	Pollia
1842	Rhoeo
1843	Setcreasea
1844	Siderasis
1845	Tradescantia
1846	Zebrina
1847	Belosynapsis
1848	Rhopalephora
1849	Streptolirion
1850	Callisia
1851	Porandra
1852	Spatholirion
1853	Xyris
1854	Eriocaulon
1855	Acanthostachys
1856	Aechmea
1857	Ananas
1858	Billbergia
1859	Canistrum
1860	Cryptanthus
1861	Dyckia
1862	Fosterella
1863	Guzmania
1864	Hechtia
1865	Neoregelia
1866	Nidularium
1867	Pitcairnia
1868	Quesnelia
1869	Tillandsia
1870	Vriesea
1871	Flagellaria
1872	Baeothryon
1873	Bolboschoenus
1874	Bulbostylis
1875	Carex
1876	Cladium
1877	Cyperus
1878	Diplacrum
1879	Eleocharis
1880	Fimbristylis
1881	Fuirena
1882	Gahnia
1883	Hypolytrum
1884	Kyllinga
1885	Lepironia
1886	Lipocarpha
1887	Mariscus
1888	Pycreus
1889	Rhynchospora
1890	Schoenoplectus
1891	Schoenus
1892	Scirpus
1893	Scleria
1894	Torulinium
1895	Actinoscirpus
1896	Remirea
1897	Trichophorum
1898	Eriophorum
1899	Agropyron
1900	Agrostis
1901	Alloteropsis
1902	Alopecurus
1903	Anthoxanthum
1904	Apluda
1905	Aristida
1906	Arrhenatherum
1907	Arthraxon
1908	Arthrostylidium
1909	Arundinaria
1910	Arundinella
1911	Arundo
1912	Aulacolepis
1913	Avena
1914	Axonopus
1915	Bambusa
1916	Bothriochloa
1917	Brachiaria
1918	Brachypodium
1919	Briza
1920	Bromus
1921	Calamagrostis
1922	Capillipedium
1923	Cenchrus
1924	Centotheca
1925	Chaetochloa
1926	Chimonobambusa
1927	Chloris
1928	Chrysopogon
1929	Coix
1930	Cortaderia
1931	Cymbopogon
1932	Cynodon
1933	Cyrtococcum
1934	Dactylis
1935	Dactyloctenium
1936	Dendrocalamus
1937	Deschampsia
1938	Deyeuxia
1939	Dichanthium
1940	Digitaria
1941	Dimeria
1942	Diplachne
1943	Eccoilopus
1944	Echinochloa
1945	Eleusine
1946	Enteropogon
1947	Eragrostis
1948	Eremochloa
1949	Erianthus
1950	Eriochloa
1951	Euchlaena
1952	Eulalia
1953	Eulaliopsis
1954	Eustachys
1955	Festuca
1956	Garnotia
1957	Glyceria
1958	Gigantochloa
1959	Hackelochloa
1960	Helictotrichon
1961	Hemarthria
1962	Heteropogon
1963	Hordeum
1964	Hygroryza
1965	Hymenachne
1966	Ichnanthus
1967	Imperata
1968	Isachne
1969	Ischaemum
1970	Leersia
1971	Leptaspis
1972	Leptochloa
1973	Lepturus
1974	Lolium
1975	Lophatherum
1976	Melica
1977	Melinis
1978	Melocanna
1979	Microstegium
1980	Milium
1981	Miscanthus
1982	Muhlenbergia
1983	Narenga
1984	Neyraudia
1985	Oplismenus
1986	Oryza
1987	Oryzopsis
1988	Ottochloa
1989	Panicum
1990	Paspalidium
1991	Paspalum
1992	Pennisetum
1993	Perotis
1994	Phaenosperma
1995	Phalaris
1996	Phleum
1997	Phragmites
1998	Phyllostachys
1999	Poa
2000	Pogonatherum
2001	Polypogon
2002	Pseudoraphis
2003	Pseudosasa
2004	Rhynchelytrum
2005	Rottboellia
2006	Saccharum
2007	Sacciolepis
2008	Schizachyrium
2009	Schizostachyum
2010	Secale
2011	Semiarundinaria
2012	Setaria
2013	Shibataea
2014	Sinobambusa
2015	Sorghum
2016	Sphaerocaryum
2017	Spinifex
2018	Spodiopogon
2019	Sporobolus
2020	Thaumastochloa
2021	Themeda
2022	Thuarea
2023	Thyrsostachys
2024	Thysanolaena
2025	Tripogon
2026	Trisetum
2027	Triticum
2028	Vetiveria
2029	Vulpia
2030	Yushania
2031	Zea
2032	Zizania
2033	Zoysia
2034	Aniselytron
2035	Leleba
2036	Holcus
2037	Tetragonocalamus
2038	Andropogon
2039	Pleioblastus
2040	Sinocalamus
2041	Ischurochloa
2042	Stenotaphrum
2043	Archontophoenix
2044	Areca
2045	Arecastrum
2046	Arenga
2047	Butia
2048	Calamus
2049	Caryota
2050	Chamaedorea
2051	Chrysalidocarpus
2052	Cocos
2053	Collinia
2054	Corypha
2055	Daemonorops
2056	Elaeis
2057	Hyophorbe
2058	Jubaea
2059	Latania
2060	Licuala
2061	Livistona
2062	Phoenix
2063	Pinanga
2064	Ptychosperma
2065	Rhapis
2066	Rhopalostylis
2067	Roystonea
2068	Trachycarpus
2069	Washingtonia
2070	Carludovica
2071	Tacca
2072	Acorus
2073	Aglaonema
2074	Alocasia
2075	Amorphophallus
2076	Anthurium
2077	Arisaema
2078	Caladium
2079	Colocasia
2080	Dieffenbachia
2081	Epipremnum
2082	Homalomena
2083	Lysichiton
2084	Monstera
2085	Philodendron
2086	Pinellia
2087	Pistia
2088	Pothoidium
2089	Pothos
2090	Remusatia
2091	Rhaphidophora
2092	Rhektophyllum
2093	Scindapsus
2094	Spathiphyllum
2095	Symplocarpus
2096	Syngonium
2097	Typhonium
2098	Xanthosoma
2099	Zantedeschia
2100	Lasia
2101	Schismatoglottis
2102	Lemna
2103	Spirodela
2104	Wolffia
2105	Freycinetia
2106	Pandanus
2107	Sparganium
2108	Typha
2109	Musa
2110	Heliconia
2111	Ravenala
2112	Strelitzia
2113	Alpinia
2114	Amomum
2115	Costus
2116	Curcuma
2117	Elettaria
2118	Hedychium
2119	Kaempferia
2120	Languas
2121	Nicolaia
2122	Zingiber
2123	Vanoverberghia
2124	Canna
2125	Calathea
2126	Donax
2127	Maranta
2128	Stromanthe
2129	Acampe
2130	Acanthephippium
2131	Aerides
2132	Agrostophyllum
2133	Amitostigma
2134	Androcorys
2135	Angraecum
2136	Anoectochilus
2137	Aphyllorchis
2138	Appendicula
2139	Armodorum
2140	Arundina
2141	Ascocenda
2142	Ascocentrum
2143	Bletilla
2144	Brassia
2145	Brassidium
2146	Brassocattleya
2147	Brassolaelia
2148	Brassolaeliocattleya
2149	Bulbophyllum
2150	Calanthe
2151	Catasetum
2152	Cattleya
2153	Cephalanthera
2154	Cephalantheropsis
2155	Cheirostylis
2156	Chiloschista
2157	Chrysoglossum
2158	Cleisostoma
2159	Coeloglossum
2160	Coelogyne
2161	Collabium
2162	Corybas
2163	Cremastra
2164	Cryptostylis
2165	Cymbidium
2166	Cypripedium
2167	Dendrobium
2168	Dendrochilum
2169	Didymoplexis
2170	Dimorphorchis
2171	Diploprora
2172	Disperis
2173	Doritaenopsis
2174	Doritis
2175	Ephemerantha
2176	Epidendrum
2177	Epipactis
2178	Epiphronitis
2179	Epipogium
2180	Eria
2181	Erythrodes
2182	Euanthe
2183	Eulophia
2184	Galeola
2185	Gastrochilus
2186	Gastrodia
2187	Geodorum
2188	Goodyera
2189	Grammatophyllum
2190	Habenaria
2191	Haraella
2192	Hemipilia
2193	Herminium
2194	Hetaeria
2195	Holcoglossum
2196	Hylophila
2197	Ione
2198	Kingidium
2199	Laelia
2200	Laeliocattleya
2201	Lecanorchis
2202	Liparis
2203	Listera
2204	Ludisia
2205	Luisia
2206	Macroplectrum
2207	Malaxis
2208	Microtatorchis
2209	Microtis
2210	Miltonia
2211	Mischobulbum
2212	Myrmechis
2213	Neofinetia
2214	Nervilia
2215	Oberonia
2216	Odontoglossum
2217	Oncidium
2218	Orchis
2219	Oreorchis
2220	Pachystoma
2221	Paphiopedilum
2222	Papilionanthe
2223	Paraphalaenopsis
2224	Phaius
2225	Phalaenopsis
2226	Phalandopsis
2227	Pholidota
2228	Phragmopedilum
2229	Phreatia
2230	Phyllomphax
2231	Platanthera
2232	Pleione
2233	Pogonia
2234	Pomatocalpa
2235	Ponerorchis
2236	Potinara
2237	Renanthera
2238	Rhyncholaelia
2239	Rhynchostylis
2240	Sarcophyton
2241	Schoenorchis
2242	Sobralia
2243	Sophrolaeliocattleya
2244	Spathoglottis
2245	Spiranthes
2246	Stanhopea
2247	Taeniophyllum
2248	Tainia
2249	Thelasis
2250	Thrixspermum
2251	Tipularia
2252	Trichoglottis
2253	Tropidia
2254	Tuberolabium
2255	Tulotis
2256	Vanda
2257	Vandacostylis
2258	Vandaenopsis
2259	Vandanthe
2260	Vandopsis
2261	Vanilla
2262	Vexillabium
2263	Vrydagzynea
2264	Yoania
2265	Zeuxine
2266	Arachnis
2267	Brachycorythis
2268	Chamaeanthus
2269	Cyrtosia
2270	Erythrorchis
2271	Flickingeria
2272	Hippeophyllum
2273	Odontochilus
2274	Peristylus
2275	Staurochilus
2276	Stereosandra
2277	Didymoplexiella
2278	Epigeneium
2279	Sunipia
2280	Collabiopsis
2281	Cyperorchis
2282	Didiciea
2283	Neottia
2284	Pelatantheria
2285	Petrosavia
2286	Sciaphila
2287	Cordiocrinum
2288	Tricarpelema
2289	Kuniwatsukia
2290	Briggsia
2291	Ypsilandra
2292	Themelium
2293	Lunathyrium
2294	Dryoathyrium
2295	Elytranthe
2296	Thismia
2297	Mapania
2298	Dunnia
2299	Neohusnotia
2300	Desmos
2301	Koenigia
2302	Fallopia
2303	Dacrycarpus
2304	Saprosma
2305	Launaea
2306	Phrynium
2307	Ania
2308	Callerya
2309	Cyperochis
2311	Haplopteris
2312	Hylodesmum
2313	Macilus
2314	Neslia
2315	Odontosoria
2316	Ohwia
2317	Paragymnopteris
2318	Parahemionitis
2319	Pentarhizidium
2321	Phymatosorus
2322	Polycarpaea
2323	Rhomboda
2324	Stephamia
2325	Coccinia
2327	Tupistra
2328	Pentaphragma
2329	Cardiopteris
2330	Lepidosperma
2331	Hypserpa
2332	Cipadessa
2333	Gnetum
2334	Nepenthes
2335	Ixonanthes
2336	Iodes
2337	Isopyrum
2340	Leptostachya
2343	Loropetalum
2345	Carallia
2346	Mananthes
2347	Miliusa
2348	Cleidion
2349	Monocladus
2351	Ceriops
2354	Crocosmia
2355	Globba
2358	Shuteria
2359	Colona
2360	Stauranthera
2361	Petrocosmea
2362	Sauropus
2363	Ornithoboea
2364	Micromelum
2365	Secamone
2369	Adenosma
2370	Toxocarpus
2371	Tabebuia
2372	Pseudechinolaena
2373	Gymnocoronis
2374	Hyoscyamus
2375	Alyogyne
2376	Eleutheranthera
2378	Arabidopsis
2379	Monotropastrum
2380	Rheedia
2381	Vangueria
2383	Echinodorus
2384	Dictyospermum
2385	Canscora
2386	Christensenia
2387	Dipterocarpus
2388	Linum
2389	Halenia
2390	Phryma
2391	Auranticarpa
2392	Asteromoea
2393	Eidothea
2394	Hollandaea
2395	Melandrim
2396	Noahdendron
2397	Pollinia
2398	Bennettiodendron
2399	Streptopus
2400	Wentsaiboea
2401	Kuhlhasseltia
2402	Guihaia
2403	Chiritopsis
2404	Calcareoboea
2405	Guizotia
2406	Acroceras
2407	Thlaspi
2408	Spiradiclis
2409	Leptodermis
2410	Pupalia
2411	Corymborkis
2412	Oldenlandiopsis
2413	Actaea
2414	Asteraceae
2415	Chamaepericlymenum
2416	Duabanga
2417	Urceola
2418	Myosotis
2423	Austroeupatorium
2424	Connarus
2425	Yinshania
2426	Sicyos
2427	Putranjiva
2428	Suregada
2429	Triadica
2430	Semiaquilegia
2431	Atalantia
2432	Cardiocrinum
2433	Lythrum
2434	Ligusticum
2435	Elymus
2436	Hillebrandia
2437	Chaerophyllum
2438	Macrosolen
2439	Pternopetalum
2440	Gymnotheca
2441	Lathraea
2443	Gymnostachyum
2444	Hymenasplenium
2445	Neottopteris
2453	Pseudochirita
2460	Dolicholoma
2461	Phyllanthodendron
2462	Anthocephalus
2468	Sinosenecio
2469	Stylidium
2470	Agalmyla
2471	Acanthus
2472	Aechmanthera
2473	Calophanoides
2474	Marcania
2475	Leptosiphonium
2476	Pteracanthus
2477	Pararuellia
2478	Paragoldfussia
2479	Rostellularia
2480	Platycladus
2481	Sabina
2482	Ephedra
2483	Pleomele 
2484	Cooperia
2485	Alstroemeria
2486	Anthericum
2487	Clematoclethra
2488	Myrioneuron
2489	Nauclea
2490	Oldenlandia
2491	Sauromatum
2492	Carpobrotus
2493	Adoxa
2494	Asterogyne
2495	Calyptrogyne
2496	Geonoma
2497	Korthalsia
2498	Oplonia
2500	Paedicalyx
2502	Pertusadina
2503	Porterandia 
2504	Sabal
2505	Prismatomeris
2509	Pseudopyxis
2510	Psilanthus
2511	Butomus
2512	Altingia
2513	Psydrax
2514	Rothmannia
2515	Allmania
2516	Tamilnadia
2517	Forrestia
2518	Charpentiera
2519	Cladostachys
2520	Nototrichium
2521	Androtium
2522	Allospondias
2523	Actinocheita
2525	Choerospondias
2526	Cotinus
2527	Sphaeradenia
2528	Thoracocarpus
2529	Blysmus
2531	Toxicodendron
2532	Phacellanthus
2533	Ancistrocladus
2534	Anisophyllea
2535	Combretocarpus
2536	Asimina
2537	Anomianthus
2538	Anaxagorea
2539	Alphonsea
2540	Dasymaschalon
2541	Cyathocalyx
2542	Haplostichanthus
2543	Guatteria
2544	Mezzettiopsis
2545	Orophea
2546	Melodorum
2547	Pseuduvaria
2548	Xylopia
2549	Uvaria
2550	Raimondia
2551	Aegopodium
2552	Acronema
2553	Bowlesia
2555	Anthriscus
2556	Coelopleurum
2557	Cicuta
2558	Chamaesium
2559	Chamaele
2560	Dystaenia
2561	Dickinsia
2562	Gingidia
2563	Heracleum
2564	Libanotis
2565	Lomatium
2566	Notopterygium
2567	Lilaeopsis
2568	Ostericum
2569	Perideridia
2570	Pleurospermum
2571	Ptilimnium
2572	Sphenosciadium
2573	Spuriopimpinella
2574	Tauschia
2575	Tilingia
2576	Saposhnikovia
2577	Sinolimprichtia
2578	Seseli
2579	Selinum
2580	Scandix
2581	Sphallerocarpus
2582	Tongoloa
2583	Vicatia
2584	Trachydium
2585	Trachymene
10593	Amsonia
10594	Epigynum
10595	Beaumontia
10596	Apocynum
10597	Aspidosperma
10599	Ervatamia
10600	Forsteronia
10601	Ichnocarpus
10602	Kibatalia
10603	Kopsia
10604	Lacmellea
10605	Lepinia
10606	Mandevilla
10607	Neisosperma
10608	Papuechites
10609	Parameria
10610	Pottsia
10611	Sindechites
10612	Temnadenia
10613	Willughbeia
10614	Cathaya
10615	Dacrydium
10616	Sphenostemon
10617	Lepidothamnus
10618	Sundacarpus
10619	Arthrophytum
10620	Brassaiopsis
10621	Phoradendron
12622	Cheirodendron
12623	Archiboehmeria
12624	Arthrophyllum
12625	Diplopanax
12626	Gamblea
12627	Euaraliopsis
12628	Evodiopanax
12629	Macropanax
12630	Merrilliopanax
12631	Motherwellia
12632	Oplopanax
12633	Oreopanax
12634	Memorialis
12635	Panax
12636	Pseudopanax
12637	Parietaria
12638	Apama
12639	Trevesia
12640	Pentaphylax
12641	Graphistemma
12643	Calotropis
12644	Saruma
12645	Vincetoxicum
12646	Gongronema
12648	Myriopteron
12649	Pentasachme
12650	Harrisonia
12651	Periploca
12652	Sarcostemma
12653	Myriocarpa
12654	Phenax
12655	Neraudia
12656	Urera
12658	Nardostachys
12659	Acanthospermum
12660	Achyrocline
12661	Juncellus
12662	Achyrophorus
12663	Erro
12664	Valerianella
12665	Plectritis
12666	Ajania
12667	Dichromena
12668	Dulichium
12669	Tsoongia
12670	Antennaria
12671	Arctotheca
12672	Kobresia
12673	Garrettia
12674	Viticipremna
12675	Teucridium
12676	Oxycaryum
12677	Machaerina
12678	Rinorea
12679	Melicytus
12680	Petrea
12681	Priva
12682	Citharexylum
12683	Uncinia
12684	Arceuthobium
12685	Enhalus
12686	Hastingsia
12687	Lachnanthes
12688	Psomiocarpa
12689	Alseodaphne
12690	Triglochin
12691	Clintonia
12692	Atractylodes
12693	Asterothamnus
12694	Astranthium
12695	Baccharis
12696	Barnadesia
12697	Balsamorhiza
12698	Amana
12699	Aetheolirion
12700	Tetrameles
12701	Bigelowia
12702	Blainvillea
12703	Carphephorus
12704	Carphochaete
12705	Celmisia
12706	Chaenactis
12707	Chaetoseris
12708	Xanthocyparis
12709	Craibiodendron
12710	Blumeopsis
12711	Brachyglottis
12712	Breea
12713	Dichelostemma
12714	Calycadenia
12715	Cancrinia
12716	Carduus
12717	Chrysopsis
12718	Chrysogonum
12719	Cicerbita
12720	Diuranthera
12721	Eremurus
12722	Palicourea
12723	Capirona
12724	Pentagonia
12725	Cissampelopsis
12726	Cephaelis
12727	Lilae
12728	Rosenbergiodendron
12729	Rudgea
12730	Craspedia
12731	Critoniopsis
12732	Cremanthodium
12733	Crepis
12734	Chikusichloa
12735	Cleistogenes
12736	Coelachne
12737	Urophyllum
12738	Trailliaedoxa
12739	Vidalasia
12741	Boninia
12742	Dinosperma
12744	Colpodium
12745	Erythrochiton
12746	Leycesteria
12747	Narthecium
12748	Notholirion
12749	Flindersia
12750	Halfordia
12751	Luvunga
12752	Maclurodendron
12753	Diaspananthus
12755	Diplazoptilon
12756	Dolomiaea
12757	Doronicum
12758	Dubautia
12759	Danthonia
12760	Dasyochloa
12761	Diarrhena
12762	Echinacea
12763	Orixa
12764	Paramignya
12766	Sarcomelicope
12767	Dichanthelium
12768	Tetractomia
12769	Encelia
12770	Engelmannia
12771	Enydra
12773	Eriophyllum
12774	Euthamia
12776	Ficaria
12777	Glaucidium
12778	Halerpestes
12779	Hepatica
12780	Megaleranthis
12781	Naravelia
12782	Oxygraphis
12783	Paraquilegia
12784	Pulsatilla
12785	Tofieldia
12786	Cassiope
12787	Tovaria
12790	Dendrocacalia
12791	Cynara
12792	Dasyphyllum
12793	Lloydia
12795	Roegneria
12796	Eremopogon
12797	Eriachne
12798	Erioneuron
12799	Uvularia
12800	Zigadenus
12801	Monotagma
12802	Doellingeria
12803	Gaoligongshania
12804	Evax
12805	Facelis
12806	Filago
12807	Formania
12809	Gilia
12810	Gymnopogon
12811	Hakonechloa
12812	Schumannianthus
12814	Robiquetia
12815	Adenoncos
12816	Anthogonium
12817	Apostasia
12818	Calopogon
12819	Claderia
12820	Dactylostalix
12821	Paeonia
12822	Souliea
12823	Grindelia
12824	Gutierrezia
12825	Gymnaster
12826	Gynoxys
12827	Hierochloe
12828	Hystrix
12829	Koeleria
12830	Leymus
12831	Loydia
12832	Dipodium
12833	Gymnadenia
12834	Hippolytia
12835	Holocarpha
12836	Hololeion
12837	Hulsea
12838	Hymenoclea
12839	Hymenopappus
12840	Hymenoxys
12841	Jaumea
12842	Krigia
12843	Trautvetteria
12844	Zanthorhiza
12845	Alphitonia
12846	Ceanothus
12847	Chaydaia
12848	Emmenosperma
12849	Gouania
12850	Karwinskia
12851	Rhamnella
12852	Sibiraea
12853	Sorbaria
12854	Ipsea
12857	Haemaria
12858	Neogyna
12859	Neottianthe
12860	Nephelaphyllum
12861	Otochilus
12862	Leucothoe
12863	Lasiocephalus
12864	Layia
12865	Leucogenes
12866	Lessingia
12867	Lessingianthus
12868	Liabum
12869	Lipochaeta
12870	Luina
12871	Mnesithea
12872	Moliniopsis
12873	Neoaulacolepis
12874	Neosasamorpha
12875	Phacelurus
12876	Ophiurus
12879	Osterdamia
12880	Ziziphus
12881	Rhodoleia
12882	Rhoiptelea
12883	Pteroceras
12884	Satyrium
12885	Trichotosia
12886	Galearia
12887	Lygodesmia
12888	Machaeranthera
12889	Madia
12890	Myripnois
12891	Nannoglottis
12892	Olgaea
12893	Orochaenactis
12894	Palafoxia
12895	Oyedaea
12896	Paragynoxys
12897	Miyamayomena
12898	Moonia
12899	Munnozia
12900	Viguiera
12901	Marshallia
12902	Melampodium
12903	Pseuderia
12904	Spenceria
12905	Piptatherum
12906	Polytoca
12907	Puccinellia
12908	Pentacalia
12909	Perymenium
12910	Pilosella
12911	Pityopsis
12912	Porophyllum
12913	Alchemilla
12914	Amelanchier
12915	Amygdalus
12916	Armeniaca
12917	Aruncus
12918	Cerasus
12919	Cercocarpus
12920	Chamaebatia
12921	Chamaerhodos
12922	Coluria
12923	Comarum
12924	Cormus
12925	Achnatherum
12926	Aegilops
12927	Sasa
12928	Pseudognaphalium
12929	Pterocaulon
12930	Pyrethrum
12933	Ratibida
12934	Raulinoreitzia
12935	Rhaponticum
12936	Rafinesquia
12937	Amaracarpus
12938	Amphidasya
12939	Anotis
12940	Antirrhoea
12941	Antirhea
12942	Asperula
12943	Aidia
12944	Alibertia
12945	Cowania
12946	Crataegus
12947	Dichotomanthes
12948	Docynia
12949	Dryas
12950	Exochorda
12951	Sasaella
12952	Sasamorpha
12953	Sitanion
12954	Panisea
12955	Aira
12956	Anthaenantia
12957	Bathysa
12958	Bobea
12959	Bertiera
12960	Borojoa
12961	Catunaregam
12962	Chassalia
12963	Chione
12964	Dioicodendron
12965	Duperrea
12966	Elaeagia
12967	Spartina
12968	Emmenopterys
12969	Gaertnera
12970	Coprosma
12971	Coussarea
12972	Cowiea
12973	Craterispermum
12974	Cyclophyllum
12975	Dialypetalanthus
12976	Didymosalpinx
12977	Gillenia
12978	Padus
12979	Lauro-cerasus
12980	Maddenia
12981	Lindleyella
12982	Neillia
12983	Greenea
12984	Gonzalagunia
12985	Hillia
12986	Hodgkinsonia
12987	Hypobathrum
12988	Hydnophytum
12989	Isertia
12990	Kelloggia
12991	Relbunium
12992	Huodendron
12993	Macrocnemum
12994	Mitragyna
12995	Mitracarpus
12996	Scorzonera
12997	Sericocarpus
12998	Serratula
12999	Silphium
13000	Soroseris
13001	Spergularia
13002	Stemmacantha
13003	Stenactis
13004	Stephanomeria
13005	Stevia
13006	Stifftia
13007	Struchium
13008	Stylocline
13011	Syncalathium
13012	Haplopappus
13013	Hemizonia
13014	Heterotheca
13015	Roscoea
13016	Scaphochlamys
13017	Phyllospadix
13019	Thymus
13020	Tripolium
13021	Trixis
13022	Turczaninovia
13023	Tussilago
13024	Venegasia
13025	Verbesina
13026	Vernonanthura
13027	Synurus
13028	Tanacetum
13029	Vicoa
13030	Wyethia
13031	Balanops
13032	Cynomorium
13033	Croomia
13034	Medeola
13035	Urochloa
13036	Pontederia
13037	Dinoseris
13038	Tragus
13039	Triodia
13040	Tridens
13041	Triarrhena
13042	Trikeraia
13043	Commersonia
13044	Batis
13045	Caulophyllum
13046	Diphylleia
13047	Epimedium
13048	Sinopodophyllum
13049	Melanthera
13050	Hymenopogon
13051	Platystemma
13058	Chaenorhinum
13059	Cratoxylum
13060	Streblus
13061	Primulina
13062	Sinosideroxylon
13063	Tomophyllum
13064	Oreogrammitis
13065	Chrysogrammitis
13066	Berneuxia
13067	Oxyria
13068	Chilopsis
13069	Cuspidaria
13070	Incarvillea
13071	Arrabidaea
13072	Ostrya
13073	Ostryopsis
13074	Physocarpus
13075	Sporoxeia
13076	Piptanthus
13077	Nyssa
13078	Markhamia
13079	Millingtonia
13080	Pachyptera
13081	Phryganocydia
13082	Radermachera
13083	Spathicalyx
13084	Stereospermum
13085	Actinocarya
13086	Allocarya
13087	Amsinckia
13088	Argusia
13089	Asperugo
13090	Bourreria
13091	Cryptantha
13092	Physospermopsis
13093	Eritrichium
13094	Hackelia
13095	Lappula
13096	Lasiocaryum
13097	Mertensia
13098	Microcaryum
13099	Microula
13100	Omphalodes
13101	Onosma
13102	Pteleocarpa
13103	Sinojohnstonia
13104	Stenosolenium
13105	Alliaria
13106	Aphragmus
13107	Alyssum
13108	Berteroella
13109	Purshia
13110	Braya
13111	Cakile
13112	Hippuris
13113	Ceratostigma
13114	Polemonium
13115	Allophyllum
13116	Cantua
13117	Collomia
13119	Ipomopsis
13120	Podostemum
13121	Linanthus
13122	Navarretia
13123	Xanthophyllum
13124	Aconogonon
13125	Bistorta
13126	Eriogonum
13127	Brunnichia
13128	Descurainia
13129	Dilophia
13130	Dimorphostemon
13131	Dithyrea
13132	Chorispora
13133	Christolea
13134	Dontostemon
13135	Erysimum
13136	Goldbachia
13137	Pleuropterus
13138	Streptanthus
13139	Sophiopsis
13140	Solms-laubachia
13141	Smelowskia
13142	Macropodium
13143	Lesquerella
13144	Leiospora
13145	Idahoa
13146	Hedinia
13147	Malcolmia
13148	Megacarpaea
13149	Neotorularia
13150	Oreoloma
13151	Pegaeophyton
13152	Rapistrum
13153	Sisymbriopsis
13154	Torularia
13155	Thysanocarpus
13156	Taphrospermum
13157	Borneodendron
13158	Cabomba
13159	Brunellia
13160	Calycanthus
13161	Chimonanthus
13162	Sinocalycanthus
13163	Apetahia
13164	Asyneuma
13165	Dacryodes
13166	Garuga
13167	Santiria
13168	Polygonella
13169	Heterocodon
13170	Phyteuma
13171	Rollandia
13172	Siphocampylus
13173	Centropogon
13174	Clermontia
13176	Cyananthus
13177	Cyanea
13178	Stixis
13179	Dipelta
13180	Kolkwitzia
13181	Linnaea
13182	Reynoutria
13183	Rheum
13184	Ruprechtia
13185	Tovara
13186	Triplaris
13187	Calyptridium
13188	Spraguea
13189	Claytonia
13190	Montia
13191	Pomatosace
13192	Cortusa
13193	Dodecatheon
13194	Glaux
13195	Hottonia
13196	Omphalogramma
13197	Macrodiervilla
13198	Weigela
13199	Symphoricarpos
13200	Triosteum
13201	Pilostyles
13202	Samolus
13203	Trientalis
13204	Buckinghamia
13205	Cardwellia
13206	Finschia
13207	Leucadendron
13208	Lomatia
13209	Opisthiolepis
13210	Placospermum
13211	Megahertzia
13212	Stirlingia
13213	Stenocarpus
13214	Pteridophyllum
13215	Anemoclema
13216	Asteropyrum
13217	Beesia
13218	Callianthemum
13219	Batrachium
13220	Caltha
13221	Myrcia
13222	Myrcianthes
13223	Myrtella
13224	Pimenta
13225	Rhodamnia
13226	Ristantia
13227	Sphaerantia
13228	Stockwellia
13229	Tristaniopsis
13230	Uromyrtus
13231	Xanthostemon
13232	Nolana
13234	Commicarpus
13235	Davidia
13236	Zabelia
13237	Alsine
13238	Sladenia
13239	Helixanthera
13240	Diapensia
13241	Spatholobus
13242	Parochetus
13243	Rapanea
13244	Abarema
13245	Phacellaria
13246	Tapiscia
13247	Dendrotrophe
13248	Brackenridgea
13249	Euthemis
13250	Gomphia
13251	Ochna
13252	Sinia
13253	Ouratea
13254	Erythropalum
13255	Fontanesia
13256	Forsythia
13257	Comastoma
13258	Pterolobium
13263	Nomocharis
13264	Clethra
13265	Osyris
13266	Pyrularia
13267	Decaisnea
13268	Anisadenia
13269	Menyanthes
13270	Exbucklandia
13271	Veratrilla
13272	Heynea
13273	Dipsacus
13274	Hemsleya
13275	Woodfordia
13276	Fosbergia
13277	Paradombeya
13278	Micrechites
13279	Rhodiola
13280	Cautleya
13281	Hodgsonia
13282	Loxostigma
13283	Holboellia
13284	Philadelphus
13285	Meehania
13286	Notochaete
13287	Homocodon
13288	Goniostemma
13291	Iphigenia
13292	Diphasiastrum
13293	Uncifera
13294	Cryptochilus
13295	Dysphania
13296	Pteroceltis 
13297	Diploclisia
13298	Phyllagathis
13299	Neolepisorus
13300	Lannea
13301	Diphylax
13302	Cleistocalyx
13303	Xizangia
13304	Fargesia
13305	Bothrocaryum
13306	Bergenia
13307	Dipentodon
13308	Bulleyia
13309	Pterygiella
13310	Pinguicula
13311	Sarcosperma
13312	Araiostegiella
13313	Polyspora
13314	Allantodia
13315	Cheilanthopsis
13316	Taenitis
13317	Cyclophorus
13318	Saccoloma
13319	Stigmatopteris
13320	Hippochaete
13321	Morina
13322	Pleurosoriopsis
13323	Aleuritopteris
13324	Microgramma
13325	Niphidium
13326	Pecluma
13327	Palhinhaea
13328	Lastrea
13329	Saccolabiopsis
13330	Trophis
13331	Mansoa
13332	Danaea
13333	Camptosorus
13335	Athyriorumohra
13336	Phyllitis
13337	Stenoloma
13338	Cladrastis
13339	Dendrophthoe
13340	Coryphopteris
13341	Diplarche
13343	Neocinnamomum
13344	Mussaendopsis
13345	Visnea
13346	Plocoglottis
13347	Peganum
13348	Echinacanthus
13349	Delavaya
13350	Oparanthus
13351	Eriophyton
13352	Cryptothladia
13353	Corallodiscus
13354	Meconopsis
13355	Circaeaster
13356	Gentianopsis
13357	Hedysarum
13358	Tibetia
13359	Mouretia
13360	Leptocarpus
13361	Boeica
13362	Boniodendron
13363	Cleistanthus
13367	Bhesa
13368	Pycnarrhena
13369	Petrocodon
